,colsample_bytree,learning_rate,min_child_samples,min_child_weight,n_estimators,num_leaves,reg_alpha,reg_lambda,subsample,mae_mean,mae_std,rmse_mean,rmse_std,train_mae_mean,train_mae_std,train_rmse_mean,train_rmse_std,overfit_gap_%
271,0.656009639021327,0.09027614925947866,10,9.009306033156365,1200,44,0.9804885636919647,3.0539003553788415,0.7122732862063897,85821.58823877598,1105.235947307191,429655.15418639267,17995.118029118563,67677.73526449346,1289.7459705813512,304554.45344554057,8591.483354056307,26.809190501682668
108,0.7031550741732809,0.050413261481119,13,2.645524222506608,1200,43,1.3615366325968448,0.09195338273733367,0.9657195226241996,88058.91143701681,346.2636688272006,445959.9748477624,15900.440848515318,74232.92478810647,1143.7647194350327,354008.183181348,9687.336347669281,18.62514064800196
16,0.713936197750987,0.02069721473281451,11,10.05358046457723,1200,41,4.541329429833269,1.197809453334862,0.6579579488364892,88159.97507352167,199.45583520063894,473945.9856038618,13659.11944512173,79684.59981936705,437.40893132352994,412536.46840239706,8137.984044419386,10.636152121447573
86,0.7421449807273583,0.12352981195843554,11,10.871057222279772,800,48,0.5844902035418204,4.699160618067376,0.851083221228567,89088.13125221345,672.7270247453537,431371.9913505236,17995.63385774443,70894.25406044279,1389.0242916525724,310261.96149038797,10548.642446089954,25.663401685923624
214,0.8645482444281658,0.06370671468156569,14,10.992320874378489,500,47,0.41308831729634343,2.573287932867558,0.9595603296024942,90569.58323802058,574.7525088706724,468758.76302097394,14042.005730691599,80323.5186383645,936.8793257665743,398948.4704728749,8960.45243958137,12.755995719991153
190,0.8720527724413805,0.07694046485466349,12,3.806497256381356,500,32,1.8923821174293454,1.81472135922996,0.9981921962817029,90906.0047905433,214.6858777448402,475437.6586811876,13329.38996483717,81340.84242170038,803.6027572411529,409508.6471846765,9013.238393983896,11.759359854245988
33,0.9311476015150355,0.08874744558772514,14,9.145303232274571,1200,41,2.65677315784074,2.7031756080505325,0.8549719605992826,90944.87056278792,41.91017980495835,435746.1972991521,18876.655145298606,73358.98162913926,910.4192713909886,320977.1955194069,7966.189111762753,23.97237331149549
298,0.7247596320017122,0.08425379388043673,14,10.208649780084645,1200,40,3.6701488129465316,3.8129819734708765,0.9717029592028917,91241.23865112191,423.05329064186805,441346.342689021,16919.0480213329,75113.44082503162,1222.8867033704198,335537.20073297265,9284.6495098428,21.471254210891754
189,0.741998522332775,0.030132914396367075,11,13.392052322679238,1000,36,3.20084111914083,1.3557371825009241,0.8371247966613691,91514.85149962304,337.91652035571775,481415.81428633287,11480.260177618746,83044.4741526288,554.3556650819226,423927.3695546384,9011.696766245235,10.199808516369657
98,0.8140278875734634,0.06349423271146826,16,11.907700346400876,1200,39,3.749802351995889,1.0495279654779288,0.9592217157762855,91857.38814038876,315.20891628425045,450058.1057194953,14789.010547964352,77750.56830433746,898.6220155271717,357436.6354349574,10153.137148566968,18.14368710571126
21,0.8066543565084057,0.0856404607008186,10,1.8620553561179842,1000,14,4.502090285816652,3.16550728636634,0.7356119164194803,92512.10480060762,892.8677128659513,480614.49764374085,11673.657658433172,84075.12832299656,1346.045684816133,420203.24080957985,10692.797384935977,10.035044425026873
232,0.8570260798140765,0.13216193545528088,13,9.92332768226439,800,24,2.049524448481441,4.199011428178086,0.7535331807732176,92602.33248732229,540.8687088357382,456907.0861393639,15200.59820110055,79453.06757247582,1082.8988943059533,369969.7371896377,9910.476518205181,16.549725915682135
68,0.6607610774049177,0.05025988006832894,17,3.6013454469859707,1000,34,4.483942049530059,2.3698082013143615,0.8670230954084108,92898.580122974,462.0145113580602,472881.4435952928,12363.28427643149,83492.13900111587,1058.2025496729877,408983.8125218887,10847.708194976198,11.2662595956877
250,0.8392450517476072,0.019681244518050554,17,17.87979420015741,1000,46,2.201617091841745,3.07649012534901,0.6333856339957533,94348.16398894748,170.4267562318385,495719.4741340435,10721.383395359873,87211.10842228727,400.87285019287737,446910.3131295293,7250.364328711372,8.183654233703441
133,0.7922346309306592,0.1817982575512601,12,6.956184158043861,500,49,2.8286598199789554,1.3351413508471066,0.9514519945420632,94409.10367855411,651.0541347190613,436208.4249125381,18766.59671107615,74979.23024544945,1168.8354008334234,311939.6610052436,8600.721269803387,25.913674186170876
285,0.8383955368733927,0.03936537523839609,14,10.621706897704858,1000,21,2.7984422241896993,0.5262959259850619,0.6669438932554511,95099.88015202938,60.372208141109766,496349.8100935037,11461.13976047787,87832.82092330915,514.0900007231972,446259.77033087873,8509.55603642751,8.27373998959391
287,0.7656600897312907,0.12467593771794515,15,15.124272279003536,1200,39,0.6502389125556934,4.177401181911638,0.7481587945101226,95333.1341002331,778.7603274725984,434088.0838269861,18873.242041744154,76271.52673819014,1260.849648831899,314034.24927847675,8158.561627286785,24.991773702752653
143,0.6920214732125736,0.04808718665871964,12,19.017271245008207,1000,37,3.656350334868428,4.547622554739092,0.9429440368369995,95377.41128559837,431.8308542883135,477751.0511678289,10698.127072331212,86335.1694777363,802.6281054227644,417356.2662232921,11033.24692064455,10.473416410207935
235,0.7832747546951571,0.150060972904753,15,12.623412919134127,500,44,2.1842535130758978,3.6475411432619835,0.9062051595964439,95455.69183472403,729.8230826253341,449835.2206412501,15587.81833850926,80595.7050895464,1314.9247737954183,352811.21363212663,9600.78427792004,18.437690604812417
148,0.8606077867209059,0.10451838454610171,11,15.951182012743763,800,22,0.7479032133378288,2.322992983179051,0.87218265054373,95795.76252693462,591.0918227783236,472531.9467637485,15377.825285361634,85123.44023289887,492.5581053111457,402942.8184454053,9028.2816048982,12.53746590226632
230,0.6308233116537324,0.026979769480753965,21,15.697939542229351,1200,40,4.125653338330576,2.6014828845932705,0.7493850384576694,95938.52121436171,181.0528784362811,490275.4953262543,10348.318208559105,88150.70508656035,419.39269200405835,438558.38164578396,8648.133623138685,8.834661186378545
175,0.7298343319601082,0.11627384511270537,16,11.268778546969177,800,38,2.2434681131126535,1.1877206543716374,0.749300716651736,96022.25183194636,532.4377204876768,447533.887344954,17051.69502676016,80493.98689988894,1169.2155801963602,348552.31479876884,9333.805922062802,19.29121109551952
247,0.8154807191810857,0.15436562732994416,15,7.438653358337297,300,28,2.2053607912539186,0.9780463652225752,0.6746893183092165,96034.4075361091,354.8833971314731,482520.7894221167,14085.59159001934,86826.61105646688,661.6772169973082,421622.86162427184,8944.6320741541,10.604809248692204
258,0.6290683486440065,0.032352623465923595,12,13.883011470196621,300,47,1.8018890996517378,0.34252703313489785,0.9052621165035557,96125.22471769415,518.2901840834032,509930.3020705443,8648.64052161238,90623.87986087099,308.9121950616869,471478.46781273064,7959.4808068490265,6.070524529813781
79,0.8227051572055719,0.17576767994627096,14,3.7408749711504674,1000,28,0.9975346366915988,3.681235918492441,0.8119360092724467,96770.57271123328,509.2628657822176,440995.5854652515,15115.350063964985,77997.66939680358,1241.7964765726772,321214.8204157678,10591.166713073031,24.068543918825135
111,0.9352427852713183,0.12727063544921705,11,3.325667375121588,800,10,0.41399333962563234,3.015760547331941,0.6981396438725284,96982.22012708627,434.57301257411564,495638.1402612171,10271.509863289366,90016.33109088393,1049.2279680978356,444078.9108941507,9999.419036930389,7.738472510248506
206,0.8934457522245608,0.23309841915598853,11,2.6760747255897743,1200,47,1.299066043725171,3.801449115610675,0.6548438822915996,97190.99764293793,1313.1834647355197,424725.70319513045,19862.766661852915,64128.29869810772,1475.4877546718828,223450.94016097882,5180.363817445453,51.55711225160853
288,0.7499214271127186,0.1474618642601152,15,12.05885752958923,1000,18,4.920065816052322,1.4420271890937286,0.9844541941630371,97385.30674828221,1042.2132920334245,458317.23514209717,13405.977429625455,84589.34197779413,1959.3491154338483,373953.41266094876,10668.616443196915,15.127159605813212
208,0.7485634270600563,0.0870968296297509,20,9.087546691199218,1000,35,0.635998813437248,4.323301960702088,0.6973911873619469,97409.8976628812,549.4550669897699,458890.12484760163,14827.063095129883,84689.71997847008,1077.2633548479337,377709.7831942525,9964.702503081566,15.019742287074344
179,0.9592122195799948,0.08060986600712677,20,7.601490178744106,1000,30,2.3959161472179997,0.9727916159265049,0.6665326430972568,97523.89271103857,431.28889412465213,465368.48428874114,12894.514880948198,85436.29734290842,888.4130276447145,387989.6497080303,11262.00361427307,14.148079614938357
26,0.8307615538505436,0.15283013120747052,14,4.6037053648311055,800,13,0.1215798321572692,3.227361479535839,0.6708442717628196,97949.99993768071,83.41783907279826,480771.78852658113,13484.24494308216,88533.76600392628,1023.0925543388369,417288.3302445806,10694.91638090263,10.635754423161936
146,0.6614632152644451,0.14157115403553197,16,12.524406432628307,1000,33,4.604239239078434,3.0832515726036904,0.9186149163904705,98071.32067993947,465.7547522756324,445031.1181422802,17878.62698418878,81116.79770891149,1024.6454849488998,334925.73981265636,8928.914654367823,20.901371170826376
160,0.7686883707493821,0.09028006119816495,21,7.676943037355926,500,49,4.179990318906047,1.1789604697960492,0.9104000828141718,98299.71095984313,261.6064642345205,469482.5584129784,13015.361401500068,86523.16675345048,752.3098531006514,396137.453734889,10727.427386967975,13.610856662181758
12,0.8159364365206693,0.06888775517308313,22,1.5395981965758598,800,31,4.402339195076289,3.1217702406689662,0.7182534743350856,98654.02805364016,284.36847163817487,483349.8255153699,12197.935080720628,89303.04955895232,323.6659193811369,423898.4686536522,7924.497840303621,10.471062904201167
147,0.7926089406050201,0.044019374799094395,26,12.146128965253425,1000,45,2.7920633629159894,1.1277007122186773,0.664330187631276,98658.52401541123,189.24882495129103,478323.24124071485,12762.90895329868,88729.47571993522,412.2872550796597,415787.83171159396,8276.162814557312,11.190247902304694
67,0.7836543024953045,0.2942094468327883,11,6.575032205750164,800,20,0.3793166405433196,0.6443986095532461,0.6512183355831089,99009.70564042841,1234.8669882865718,444086.55145357735,19245.62639405512,78609.59724662687,1575.7579976844784,313114.4330064745,9689.487060023506,25.951167679690545
1,0.6571467271687763,0.19875765715516733,11,14.439975445336495,500,30,3.0874075481385828,3.0582658024414044,0.6028265220878869,99236.37961644093,717.1189402641371,458771.6587116928,15394.79765388965,85247.1141342101,905.3030735419962,365766.37732766016,9765.881860249252,16.41025109683667
114,0.9083648814983287,0.04091349340879382,18,7.030803222684376,300,34,3.5246277484447655,2.991430291340773,0.7838726051044524,99513.23944766284,367.4029145696607,525632.2680430826,6214.1727496491385,94580.65233668308,508.71836720630324,490972.6833063893,7275.4598571351935,5.2152179004020915
243,0.8195354626880235,0.18774104664996527,15,16.938374561771198,500,30,0.7047981376088464,3.3209395725270867,0.686436181274123,99706.0192940277,705.1053324443488,461799.2475528968,13072.917773264879,86058.03141106469,1211.984923569746,374800.20956511184,11154.651273133213,15.859051920177048
54,0.7290745553110335,0.0225862271564701,30,19.859295922386007,1200,45,2.7692714220066037,4.846512678095495,0.8092391376680595,99984.17684896225,237.71455855748397,503353.75501390925,8443.576668688722,93033.27830091286,211.0131121073083,458935.0577396623,7946.054501740003,7.471410956375157
213,0.6285026911061035,0.01351145781811736,14,10.17158578895157,500,40,1.4826779064382762,1.7485161487292478,0.9098614124724728,100022.27886242635,424.07659180512155,532348.0661926466,7810.360974144882,95996.61884932408,474.6086291935498,500813.4018092055,8716.72060972461,4.1935435449252045
273,0.9210342718319251,0.17589410657709725,18,16.33364350901436,300,26,0.569191967383007,1.7261157140084604,0.8029647754871235,100135.66527899168,211.24195838626247,488651.6218926465,11463.425653305098,90739.19987027002,433.3344392584977,428072.2353392394,9478.9983372318,10.355464255972958
150,0.7922027789031316,0.04042975174127071,26,2.055848089853314,1000,29,1.730082838224198,3.8790236789647805,0.9764950016929546,100192.9016829711,382.22000336296173,502244.87795328005,9503.001639481034,93230.28913109326,191.10773086649607,456625.1489201937,8519.426002046199,7.468187234824031
102,0.6887888647731798,0.0770116910105407,17,2.082171639691477,1200,12,4.437302412567515,2.7836079239168305,0.8883252385242026,100329.07456171054,365.9480554003128,501988.57822508545,10289.66757581136,93582.87514582841,488.1925556659061,454361.5969561844,9243.229006722988,7.208796914360294
125,0.8862213260936967,0.1808414749965595,10,18.206782041150685,300,24,1.9216332357984083,3.3982364134653493,0.6873015551460256,100705.7635113818,52.736950721971155,493996.1550608355,11955.265124603313,92416.71006372974,299.00400916649085,438626.8857447829,6634.697046284771,8.96921502825192
297,0.9226357369305108,0.14818018129570487,18,1.1894313773456155,1200,26,3.200991557798119,1.4921745618093833,0.6961529554797935,100733.03627479293,1129.183072420728,446196.63498854614,15502.557905987685,82692.05403678068,1385.178893982402,335511.15475593944,7495.238366584152,21.81706869923412
264,0.7875071861858023,0.0973669256204001,20,1.4848174597677288,300,23,3.715965993658017,0.24071417989176724,0.9611579980767949,100936.48105752665,586.3785419108286,516367.57734810206,8597.1277718518,95115.90266554826,673.4655694880439,476426.1519484551,7472.345495068347,6.119458711804504
156,0.7316069751258649,0.14635295188203287,17,17.436655579462425,1200,41,2.490978582265695,2.7768177546881563,0.8876807113089056,100992.4313800665,440.21779316689793,433324.82081407466,19311.276979245955,79432.9283838373,1106.8356405206941,304200.77602483926,8200.70800576025,27.14177033993883
87,0.7339622458628344,0.0503889010723823,24,17.572582307468764,300,39,4.4694629152547884,3.9429860561226535,0.6606699518931004,101034.72045582715,232.94044965756504,523307.2559047968,6768.969754809114,95996.21165165672,749.4755592758659,487970.4644634242,6798.488112130783,5.24865379318693
197,0.9722380858575665,0.043746255386788065,27,12.559001055452716,500,39,3.6071103366436583,0.706390246377529,0.6847929963608954,101258.08019382972,133.0903326239783,510861.90211899596,8846.057867749665,94581.81118669173,479.2929000458484,468590.8707004856,7145.001816894495,7.058724001340955
201,0.986328864461288,0.13542438471573828,22,18.72898347767321,1000,27,1.3887631187463056,4.257243187756327,0.6001330024481958,101707.99331884804,740.8938000381395,458347.42045584903,14295.130174891345,87196.577493665,1181.2930597171,368629.9265149408,9436.654397491027,16.642185097502615
27,0.9761834337411657,0.28663928733075034,15,7.4031740051088875,300,46,4.641592812938627,2.1409207415865716,0.9866619276174678,101743.66757335652,645.4782844746084,450918.4406386357,20112.988654026536,83456.3985497208,1278.8684832063946,338540.8063524211,8672.453501563441,21.91236303198576
22,0.7396838298450643,0.2205271468723694,12,17.126485837561848,300,33,4.254642243837564,4.678174971104737,0.9141362604455774,101860.2316785991,1078.1901634353846,475188.4069690096,13406.797997697655,90547.66564301035,584.7229609118447,404562.56821912964,9995.850722771062,12.493492742473599
274,0.9496890098740703,0.15312850829863442,20,0.8970713604713731,800,22,4.64713347236557,0.8260196966892508,0.7559489411766176,102075.03738208528,220.97976661090829,466076.4273961711,14339.375140074711,89119.58267217029,534.4336288910371,383504.56070277636,10361.186909046446,14.537158188422094
141,0.6098347665835205,0.016415829943409205,15,7.436670584774491,800,20,3.416476883032526,2.229513531883742,0.7094506665126663,102132.54630085088,491.4399973814752,546352.177419003,6026.2023334119685,98601.77239659576,396.9923331422661,518686.1222648252,7941.299973706649,3.5808422287316066
239,0.7644382410402826,0.11072956461506436,24,0.43646793550979,800,29,0.639941042667932,4.410678071410301,0.7573791386254366,102147.73170082983,252.12155425640861,472818.402857974,12878.146006521254,90778.12637732888,605.7160844228875,401923.74200774234,9277.958108674517,12.524608930836468
193,0.7597263663237233,0.054200643865821053,14,14.743604500144862,1000,10,4.210166471882106,2.604789886360211,0.8494342752011039,102340.98581579058,630.0682369556463,530190.2919535266,8066.737533888401,97869.54468219941,416.421203220076,496262.03922275564,8452.452403768442,4.5687768836677245
124,0.7671067128669335,0.13219353066035033,14,14.645436143692903,300,12,2.3365538326882627,1.485014382274411,0.9411287286767606,102486.62993802718,511.3931201807147,532135.8559236308,10040.353982180413,97876.96290205231,343.36565713544945,497882.51890926063,7298.017511828105,4.709654753578607
221,0.9749552265988476,0.022520383381133383,27,2.158874292929287,1200,24,0.4593544385502235,4.825648710634983,0.7953576520259759,102502.89803986337,102.52202006860368,528507.0706504445,6650.05036890368,97421.29085928288,641.033125100932,493733.761171826,6745.358474243084,5.2161156311513635
69,0.668927948480652,0.06576381545451451,28,16.435812736888984,500,37,1.7380960724134176,0.15902340742582566,0.8194861236829635,102593.38486072952,197.55452087300705,501385.19355512154,8762.283073465465,95124.5500139208,320.52474383175513,454413.7750881594,7328.403994047683,7.851637506527709
216,0.8575617014164523,0.1637876186422559,19,15.97428383309149,1000,36,4.899851646794254,3.0094079481816105,0.8329690632828985,102645.90353950422,225.9341800462741,440405.8398395328,19201.721246194076,82491.41473157355,1176.227909246398,319866.9357977643,8452.802198795205,24.43222591528249
142,0.9988498000630844,0.13359257764843216,22,17.08419548923132,1200,38,1.491872154949963,4.199735823362359,0.9091291120067218,102800.99381448507,621.3877883151495,441406.783483109,19293.51405402726,83090.03389689489,707.9078831871929,324776.53456250764,7819.3165769343705,23.722411693861133
269,0.8049455110183162,0.04022519281442082,31,15.73500670308874,800,31,1.3133782129932587,1.3578438237551993,0.789158853124362,102804.89565342829,53.9406768746695,513036.1942658984,6307.7497071256785,96270.26416246562,415.884709796486,470886.04008457734,8397.943618492862,6.787798442034831
132,0.889368045475434,0.15380396317284353,15,19.242439451840994,1200,37,0.3806542974515009,4.256034570243844,0.7980586108055897,102813.73671642283,696.696735300724,437037.251433864,18899.31368537156,81654.51295825734,1397.6592702237058,311972.3185705901,8840.80232362988,25.913109994278337
158,0.9361809625107734,0.060516067607693555,30,14.543381395326161,1200,33,2.1274666722403768,1.7296749627348147,0.748415505193841,102873.30718566471,343.01776829377786,479526.2398815004,10770.300633682165,92112.57602621046,796.2818885577444,414840.9457212764,11125.66223526313,11.682152018408765
94,0.6662082041469158,0.064033055053295,32,18.416837652347446,800,49,3.0394719689712932,1.8965284919277443,0.8976998607373154,102880.2860465315,532.2658820903105,477783.76206952054,12454.51183645487,92408.74657919082,459.49643501022126,413942.4089262109,8816.598472977032,11.331762257338895
61,0.8766857588675647,0.16496041975854428,14,19.93273674147811,1200,32,3.8449370759025525,4.72382864941214,0.9398589562709646,103136.16534444653,690.8792043920498,440208.50508643966,17950.771179424893,83425.35294373623,1369.5735910179094,320902.8169606202,8653.32632426038,23.62688523955503
105,0.8571702254457012,0.21414437919016774,10,16.34887123476882,1000,20,1.2971171671564625,1.8984620408363346,0.836117977005923,103248.28973949265,771.4724985897656,450778.22368429834,16662.087112188707,86214.6227311894,1425.2319016133506,344869.3979616207,9844.281723483951,19.757283009186178
154,0.8449031943524632,0.15047554979647176,20,17.896333121210553,1000,15,4.0864888498124685,2.2615914225915006,0.85743107807861,103252.26302590343,508.8660197957383,475516.9092164778,13527.226709993,92095.98878564371,825.5702603464573,405930.73012930754,9688.11923129852,12.113746089665533
169,0.8667457030184418,0.05049886387933074,25,18.796395838536835,1000,17,4.849560230536352,0.46950357894709194,0.8690408472900505,103282.93795096096,379.8485988841107,517551.41257206025,7274.829382257874,97267.24055161979,291.9663956240498,477897.2001141007,8802.396855129486,6.184710664376913
183,0.691231908779573,0.07149300357338573,19,3.4954688565475434,300,17,3.849723501258395,2.783185289683586,0.7022579991237089,103295.36358614855,467.07941588477854,544938.9691044018,5944.746915324298,99497.16863753734,503.67005356758466,516552.6987978515,6829.622997589607,3.817389982671604
163,0.703253373080451,0.20045363271697472,10,15.469462513732013,1000,32,2.2689477069181962,1.1802523167323198,0.6293986989320051,103521.90952429532,543.7585356966543,439086.75552287325,18360.74672793575,81985.59998848154,1451.903845264689,308974.9131682512,8073.334138171036,26.268405108750194
62,0.6989392406972791,0.14065779923992713,10,19.081020545174447,1200,13,1.1432140275173137,3.3585034220292838,0.8472512961831583,103598.66401650656,442.32249340961863,480014.74044883787,11276.215691437368,93896.72830270258,1084.826266623127,415204.72625914076,11004.791229608214,10.33255991894313
192,0.8143310737892325,0.03803617039754869,25,0.02473359518818885,1000,17,3.977249803948646,4.635889097397263,0.6938568327421815,103666.16971551755,163.35517523802275,531223.8451632889,4797.08522113143,98717.41984525527,438.4557016774492,497422.73549598217,9422.22029097057,5.013046206049254
278,0.7650701304333587,0.19736789075146827,19,7.238399816757299,800,22,0.05065592013871689,3.180480232047711,0.9653147790304947,103697.11261222528,1027.1455450609074,459946.33363294805,16828.757874276205,89516.50638189628,1072.9530166394366,371741.8991125626,8154.873766517296,15.841331172858265
104,0.7172590921044053,0.2699373873711247,16,12.66481549821921,300,32,4.240640477334417,0.6138844483135425,0.9505776303501176,103927.74813807146,1166.4958426759706,467778.8779651209,13366.213334329255,89552.29414283256,1417.3633205555914,379363.39825483103,10217.037741171076,16.052580375339787
215,0.9129939698255751,0.07607430108750188,18,7.6387927930579185,500,12,0.6069320907970321,3.075064840194333,0.9098535122551152,103948.21119546167,520.2256969660315,541053.6671658518,7404.08413115556,99651.26205946093,438.30023653302663,509441.4489089905,7470.990464945481,4.311986669508294
203,0.9979465268679069,0.026756362688946322,24,19.67357850526827,800,18,0.7112468434359809,0.6069246971121445,0.7213100590270383,103957.89790086262,142.23853233720402,545847.1517505061,5744.3439785373275,99797.4665903435,503.79581906099804,516365.471407521,6650.155784922768,4.168874674541789
295,0.6374689682823641,0.2288401542635916,15,11.774630442626396,500,45,1.428917777629351,1.0161154554304364,0.9047192765510789,103993.79829982114,199.4642152160531,442139.18608545716,17906.89939228147,84092.2435587924,1229.5673051038482,323969.69738642266,9520.46213424221,23.666338176736513
207,0.8141240525810367,0.07240854288499887,30,16.68606731909535,1200,30,0.9942813888764795,0.3230833992204307,0.617053283714813,104010.55797919398,239.45324331677497,475834.5186190365,9604.117497078065,92736.38378950332,611.3624531774573,407459.4612012417,11602.573241189366,12.157228618361081
276,0.8545605480733628,0.024829260618209212,32,0.8111747508936284,1000,27,1.2834711415502293,3.326460509890276,0.9201419516093626,104158.4290184017,194.38840221527812,530628.0430288571,6373.772103668006,98944.49796742231,561.7676170971633,496540.38912937633,6501.996959625815,5.269551271760542
113,0.7935019767729651,0.0882742544937365,29,3.2402775578316922,1000,26,2.481831236006182,2.984214244584446,0.7336975563267844,104212.75230322646,410.84109185850764,481041.4784384685,10461.98279246841,94112.43624660377,219.83305748835366,419982.0554327801,10755.82300150109,10.732179996017454
186,0.8428376144355123,0.16854224968708031,19,5.137676952914296,1200,34,4.938927601074436,0.6821987627836656,0.8780578216190376,104453.36941624289,725.5902403606736,437421.81295393064,17001.387529673615,82076.77128794373,1054.7728070954065,306323.7945280423,6909.677888213564,27.2630097129394
173,0.900971105046229,0.03623969163324471,40,14.76898418502653,1000,43,2.0207016082551648,1.6351658078161935,0.8670373542254339,104492.18665900145,274.8883047130972,500924.29083732754,9333.444453705692,96817.71996771684,192.27495364364174,454085.38515583455,7219.238660563989,7.926717024366625
37,0.6634585790569963,0.04484774786363623,38,2.3214528101383247,1200,39,4.277302920055036,3.5182892969001185,0.78966953163493,104549.07395029262,433.5985693016982,492314.10037527914,9771.453161041723,95789.09067357908,200.5172841448906,438730.5582092148,9480.989441337088,9.14507405291587
145,0.860666730150354,0.11687263967989071,24,9.430649202050255,800,17,0.7962286913963224,1.018506246381371,0.6364657961624767,104552.1915505003,1033.7431976240014,491961.28298195166,10085.672533612811,95708.14754134709,1058.9107227815236,436690.8660781281,9764.174475972311,9.240638583389638
178,0.8431620371173778,0.2318161458472172,15,14.937514322716455,1000,30,0.9788899284177305,0.0378143748907106,0.8589898856618412,104554.2648947541,637.6309623378633,437490.9255188517,20644.087510841815,80196.1461178455,1070.9494737266039,292524.0028780176,8433.29583508306,30.373178707509418
139,0.8751542889203253,0.029672747140499854,36,3.3275517386454467,1000,31,3.542860023013147,2.3678694421754427,0.6231681842235193,104599.75287498604,174.04463185061164,521018.2236742891,7087.783591605948,98631.21720144479,413.3143282045205,483752.9424119264,5930.602650798835,6.051365726685787
280,0.9280050516477424,0.21151588836602817,21,5.900814153083125,300,24,0.2186953615447368,0.6150164756187282,0.8234569585801701,104739.87039890174,77.29066719883805,489425.8844441585,13654.798765068343,94864.08988216898,632.2805206756511,428137.8631863144,10103.639897063144,10.410451972922008
127,0.760632094570195,0.25296946323214115,19,0.9389071429562601,300,35,0.18365968713306813,4.786351314916628,0.9304822783175863,104912.2494804383,766.1568695041198,469065.2943891284,14350.299244273172,92243.11725486322,1556.1606476244958,390064.84185370477,9618.711479621747,13.73450139436516
97,0.7110348690517673,0.07382819208351814,30,10.303473648136253,300,29,2.294944940085065,2.7865268444502393,0.9442528071562936,104922.7833226071,473.57325102553176,529369.1544736656,4893.620141028928,99862.23819276283,537.2665032029013,495415.163741516,7975.322359992274,5.067526245582399
52,0.7970500417163436,0.01329255698255153,37,11.429460504100213,1000,37,3.8359742655428586,4.113951759383466,0.8976846627773192,105001.55675388766,433.66263697007895,543863.5220699204,4758.070995564023,100893.22205244598,506.9444870847602,514706.9838911789,5929.583579865956,4.071963029693015
144,0.9858081889080834,0.23042728274704818,14,19.679552959196563,300,47,1.149773029455431,1.0655235201254165,0.6124536331538045,105086.20852347522,1310.0154554202973,455640.2147728829,16647.32235172932,89796.1399311563,1301.6393574832887,365361.0365817763,7704.410247851945,17.02753437290434
10,0.7531707499015159,0.2917965076628401,12,15.215700972337949,500,23,2.4689779818219537,2.6136641469099704,0.7710164073434198,105124.04780142533,643.7214505123054,459982.99717671704,14491.75331371844,89908.464399215,1127.660634015472,366733.1341704855,11854.87716637754,16.92341594741238
254,0.7884671595731259,0.24827470033603677,18,7.155965306508836,500,31,4.141246262186092,1.6760402368543637,0.6695046372542975,105264.06166101554,455.30398378361474,455168.4349751761,15359.554382054905,88834.35223681682,898.0444575191725,356260.9920451478,9204.491647211338,18.494770334340927
233,0.8287489084908746,0.1804531146500375,19,6.690225774838643,1200,39,4.158485218378868,1.3653540498640622,0.8072315064955262,105305.04146539327,719.0870841252067,433737.1971924358,20244.779993908087,80665.96066367552,900.6339157609759,290357.15736846736,7356.914800199543,30.544582372788764
249,0.878359647267521,0.24004579162709377,16,12.269462772783527,1200,12,4.485931704823095,0.8442710333884307,0.8028204415461764,105398.84837728739,908.5092528822572,463587.83768585,17670.446065863558,90102.51941895824,1185.960795937568,368225.6130313174,6475.159403344258,16.976582960132735
11,0.610167650697638,0.04128851382805829,41,12.728208225275608,1000,41,3.4775804321306376,0.6966572720293784,0.8417669517111269,105405.37130239344,247.6226811644546,501788.9745796613,8188.339213852635,97759.47503840642,484.3043011926919,454481.42857317347,7818.487935974573,7.821130648444252
77,0.6611436556737328,0.08132774123150735,13,17.016350356722924,300,12,2.6225569478512734,2.0519841349483077,0.9929514467634426,105429.23099395733,529.8906861615445,555983.288004308,6206.730957662045,102213.15346920436,660.6834954243145,531528.9176941178,6330.698646462031,3.1464419358922635
227,0.9121599104589098,0.07299063833045105,35,7.830513963556587,1200,49,0.8918629215366491,0.14535690171976867,0.6667540471419483,105525.27820204514,733.4424346258279,458714.2133754461,15610.19586938605,90492.48958307534,966.3636501526848,374528.4897958736,8812.074712328918,16.61219476691396
157,0.6913818965325195,0.2989368356564551,12,1.630529791048534,800,44,1.1028056246116162,2.0919989433382638,0.6814313121368971,105564.29708512455,455.3024787021436,430140.44794638286,20635.147946951456,75636.41620265332,734.2668009310764,255014.01917362152,7989.164932634215,39.56808424434759
257,0.8957178940659092,0.04083968061417463,44,13.726543933721949,1000,48,0.8356600573561063,3.276412048458291,0.9966970468671356,105584.93430688341,432.49459318876177,493353.329606455,9483.864929249205,96909.33523882252,222.91663422662296,443105.93115972186,8203.794047376981,8.95228415991176
284,0.738350984295143,0.054793326694763896,38,10.34478763428664,500,37,0.03355195152029977,1.9293725144755798,0.9166881037045386,105705.86113497878,163.01206255432118,518170.6512594177,7021.0181873050815,99546.92255014459,190.82752051378023,478563.34827027115,7605.639130359262,6.186970352329846
210,0.8634768584829774,0.2834210310098459,11,8.752062481107838,1200,42,4.204357897129613,0.19213174481162498,0.9607047968541694,105793.17163021397,1531.8640273662854,430133.30051556026,15692.021365951949,67094.33005582675,1400.766280068316,216105.1425323719,5755.260852593005,57.6782591646527
115,0.6303733641478488,0.03255194978289755,39,0.1050763711676983,1000,28,1.5729827840470545,4.037151259083806,0.9848395143056471,105972.43306100574,239.55733218520803,527826.6902810765,5801.752713825979,100593.71734385367,489.196615933669,493065.6603804427,7090.937323927815,5.346969829901327
262,0.9643080646575661,0.22864895204306734,18,16.789218190015337,1200,16,3.106722486267648,2.7959240341466325,0.8512952441853125,106064.21563202604,995.171752707359,453274.3768636463,16663.297632490427,88622.54034044778,1471.1828934305036,346729.3837579991,9638.688138704156,19.680856839101214
116,0.9160054235167424,0.21026246740923576,21,10.838018947567162,800,17,3.194746926671309,3.7951792276942493,0.8896413317092554,106113.95811624883,1238.5899211432156,471068.7700749839,15510.764881787156,93369.09613311004,1118.6423417755227,391806.49760970194,8498.939911402036,13.649978966240916
63,0.7432650872131362,0.042931701737892417,35,9.963303732917858,800,21,4.081928676065312,4.8398688271991155,0.6353632893462586,106217.08497680887,282.5535979647626,537755.6458760063,6577.930599547333,101356.28750462488,314.5496375385569,504641.11691348517,7594.242717291238,4.795753269832614
267,0.9474206025281156,0.02875919911938815,41,11.435447040966444,1200,32,2.152137051604951,1.5847329389555964,0.7738383843434847,106232.73907509989,447.49165833769285,518962.8365340874,6186.991128921303,99676.57555871592,736.3452590635497,478633.3676426076,6749.748481032834,6.577436553808935
123,0.6037941734513992,0.02527831243339629,38,0.7519354641252174,1000,25,4.368385570931694,4.9204173459964755,0.9073093655458073,106254.78609546255,314.46110428803746,542526.6494397105,5131.789934011551,102007.011482307,645.6164557931216,512950.5498283771,6468.98738637602,4.164198667747776
277,0.8650658052237421,0.036762589701244595,37,10.991673134442872,300,42,2.021198648221046,1.6054054854352506,0.8999403057745865,106298.31510791935,143.64197036259657,542293.9189295472,4578.503289879887,101971.03747732179,695.3590665909854,512909.836484842,5031.695005241357,4.243634013785469
81,0.7817071888876399,0.1690949042020644,19,19.799204647798906,1200,49,4.049372229273175,1.2732032738188193,0.8726010888895717,106326.98880465496,295.07997466255165,430150.24725687824,19976.174877678375,79739.26179238151,1146.1844459799288,280980.3634440015,6612.773207386031,33.34333227400621
126,0.9799844735800901,0.23804005418051008,15,19.646610301601633,800,22,4.9459245490667945,3.7167641144681207,0.6259945637931575,106553.08371317147,858.2401381904964,456157.3729835204,17279.041599965592,89693.18384642429,1516.6978942436076,356586.863697192,10436.378509763168,18.797303366569373
228,0.6725277119702021,0.1224253424776143,26,11.76404533896781,1000,38,3.211627629526137,0.32426797241484173,0.8319935149712525,106557.10335921322,553.3016101677953,450848.5594218317,15157.862863387749,90502.13903183625,958.0959095524802,357959.07632362755,8758.636887472605,17.739872779945287
0,0.749816047538945,0.28570714885887566,17,11.973169683940732,500,28,0.4998745790900144,2.2962444598293357,0.7334834444556088,106626.3305016134,1340.450167271307,457160.10654396395,13999.149593385444,90026.99006956012,1711.7923305348918,355860.6215426997,10294.232788919393,18.43818217095523
35,0.632349186646879,0.13421119773263124,21,8.179058888285397,500,10,2.211761148655522,1.198936795787016,0.6375493160325166,106760.15675796417,443.61419977667794,533117.578066596,7253.037517700468,101872.60467476286,868.2154674293531,498277.21202099294,8397.902423065976,4.797709942535833
159,0.9950598254944232,0.021631665509619917,41,11.761167561801585,500,43,2.4333447071235144,4.367116190408303,0.9602807456045034,106773.44566450686,402.01381324282823,547002.7835172269,4375.7423051735395,102693.21397834532,874.5981513336297,518515.883028784,5688.474122784984,3.9732242551313357
85,0.9631464521850064,0.10169700886598343,34,13.659641268342648,800,47,2.698905309573165,2.193723376941695,0.8309945083624503,106860.96898649349,784.4240264657179,464350.5126043304,13174.405628853017,92856.9667922834,928.5928999575242,383147.5376830659,11476.676892572035,15.081261727551754
164,0.6679031620350163,0.16073444508124513,19,13.387808029187227,300,10,2.2471691760686885,2.9394218555519345,0.9794333419405735,106943.7691358088,202.3205492094654,543595.4538028796,7228.084771706792,103027.01548928609,645.2274057319976,513732.3134984127,7205.639460663584,3.801676315597069
99,0.6820558561928028,0.0652994389924633,38,9.441338902199984,800,27,1.4702233961048576,3.570295998949141,0.8110590920579144,107054.6435220708,124.66616868007733,511682.84216829186,7851.399309773875,100234.82312867405,260.9343568189965,468106.7694268997,9535.342037750583,6.803843395465425
59,0.6180874680424757,0.017646422604203082,42,15.55204567470451,500,41,4.9264302533275215,1.8836948496897037,0.8998313199904289,107164.6128570902,404.0928693749129,557446.086548481,5542.8144362192825,103773.94913613315,703.1603908754299,533178.2504469109,4966.411056964342,3.267355390425686
14,0.8590760482165449,0.010150909328641588,22,17.214611665126867,800,18,2.424149856794916,3.4621801644513517,0.7077649335194086,107169.67937405322,399.5561670100792,575044.7032553738,8853.604409348527,104761.36138572707,476.3287360507916,554422.951822355,7600.0123915232725,2.29886091252558
275,0.8919441235393913,0.2658549812675058,21,13.492157058324324,300,35,4.775302557424944,4.105991412751132,0.6006260420765891,107193.27731193918,374.7706607025622,468715.7198236077,15321.723989126245,93829.94607766198,862.7340161092036,388618.3951769199,9328.81958595317,14.242074937586047
18,0.8534118843043579,0.16537465838167995,25,16.70604991178476,1000,15,3.479064033954409,4.291794024068599,0.730383562080754,107219.24248598765,332.71064977562713,479967.6625960209,13947.41672859646,96309.8328954742,612.2444516514205,412701.3043089204,7885.108212547207,11.32740994614072
73,0.9580827350748797,0.15838645821354316,27,8.948247336469093,800,24,0.5243458326624045,3.6870260304690956,0.6729135513903832,107255.98265796108,582.5746227131592,471385.68023870833,12734.740849778265,94726.32573343853,870.3284316239703,396133.02705404814,9420.360703936118,13.22721727831102
5,0.8270801311279966,0.01908085481211199,27,15.502656467222291,500,19,4.474136752138244,2.9894998940554256,0.9687496940092467,107313.13051621096,181.90431073420942,571855.5734327114,7299.953019853788,104803.73223521968,725.6865153135273,551585.6976046531,5614.026642203557,2.394378737733538
47,0.9802428587750225,0.17629698755575296,25,8.968910439566395,800,21,1.6433227268495798,3.362592280385192,0.900949811775072,107518.26778468273,473.21580740060415,469259.3819521428,12258.696999543905,94717.06342974819,999.0585562332702,392954.3607191353,10235.564261138656,13.515204010129821
7,0.8428136990746738,0.09003976278653757,38,16.043939615080795,300,34,4.9344346830025865,3.861223846483287,0.679486272613669,107531.83903891286,43.00705415002815,523619.3773909081,7746.389260303146,101796.96027347802,423.3083694406529,487005.66247911955,6165.360352013975,5.633644413377437
195,0.6909429200384395,0.10908560555010703,30,6.926435371780071,300,18,2.5486212337584906,4.126430541164484,0.7118814153885917,107663.27510883524,496.3574061951,541334.324759841,6275.872664031815,103291.25922133979,912.683123319822,510995.5268678982,6106.5588678233025,4.232706543083942
171,0.9323508765366821,0.26073656242696064,21,2.2621963815314605,300,13,3.3825669288862326,1.0783757619885859,0.8635541880930628,107716.36004838994,277.7597778945558,514754.1286928665,9848.355904065946,100548.53748214868,470.21855825152505,468406.60753586056,7447.963928629575,7.128718871235518
222,0.6602704430839509,0.10929125444972847,31,10.844744109836967,1200,42,2.5418027345814,1.4877422565941028,0.8260087971436064,107754.34506406511,289.03797762736866,449952.99861121364,15831.526854945387,91224.692795753,549.3799229866258,356352.7187635975,8660.398665835146,18.11971272440576
196,0.9769548076408933,0.26326763189991587,15,18.387839464288348,800,24,4.960790074116563,4.257124788725479,0.6834042057429344,107811.0796909289,1191.5734612436563,450757.94570755074,15920.906494443043,88967.67848998906,1398.559522757147,340717.03782151313,8645.376119124812,21.180052712132035
136,0.897403302516643,0.05662036985400938,45,11.12363470079514,1200,38,1.2934416534895399,0.9656643229364653,0.6336392897871939,107827.20460041852,547.8724713874252,487412.74846471666,10697.665502395983,97791.26098065184,316.60974518508317,429306.67977423914,8883.790160114126,10.262618069473817
151,0.6289665088585366,0.1649302397331691,22,1.6501706888084255,1200,35,1.9846163810079802,0.6635787702153018,0.8270163393046233,107989.87878205061,725.9964307750604,439740.5751912216,17070.680485185665,87320.34671449552,1316.4549530555996,320590.90718016896,10143.92559363392,23.670923038288706
296,0.7546162027292111,0.15826988403821785,26,17.311542912491046,800,27,2.217279181909521,3.0105849267738978,0.8365627037689952,108040.06724256468,396.57146426979455,467217.3125859988,14215.722982192008,94767.04535170233,619.0262583187916,386281.0363930625,10274.476721404295,14.005946731380202
261,0.7916280252413405,0.015220025794112347,49,14.798082415338607,500,47,1.4001866477524472,4.291708383995604,0.7168872921847591,108054.65012782037,274.46597457880716,562296.938582713,6740.575844971646,104842.0064895524,988.2056313086977,539384.0184359635,4777.686471416663,3.0642714173808816
166,0.7785474586050343,0.260622691525509,15,4.1168242007353655,1200,29,1.348748057584948,0.28543428044657426,0.8124678112004128,108198.86864743661,1520.9819868628156,435468.66524043103,18031.017496346696,80373.06377549293,1692.6518854409599,276454.38021535805,8048.693665035286,34.62080896862392
50,0.6325395122567599,0.03460293708470565,28,11.626108344535647,1200,10,4.401799843192084,1.1834259684103938,0.9630774825394185,108204.88232653095,220.54987822718056,559321.4973700532,6455.128911999386,104952.12952710518,758.6200488427609,534518.8906960498,6713.96719540382,3.099272796161512
218,0.8200367761832624,0.12270931160265562,31,5.47582615028213,1000,30,3.379911377931777,2.4802391933994326,0.6050859559947573,108264.73642429663,420.23961633018484,467229.9802588111,15344.711787933355,94759.40244080096,867.5023281875001,387536.2720067918,10531.855841885712,14.252236332888302
107,0.9119035099152123,0.04312899851691508,39,9.748623964990273,300,26,1.3433867969247304,2.7081710733043347,0.8533912879304588,108437.89090144199,95.6816597018443,560367.6055312849,5273.172631083904,105031.16944805889,798.4780659734535,536025.2301135464,4798.93632133766,3.243533773150853
53,0.8724157708387636,0.07887687667481627,34,17.371982563789206,1200,15,4.01054624513367,4.889503343771354,0.8224020154570338,108501.94767539552,169.96133601116068,513957.23953124555,7472.906662971568,101479.80209363282,46.28000005880015,469072.3880858856,10830.395809146994,6.91974702047955
191,0.7785409404790569,0.10673516934693811,31,11.245936317558197,1000,14,0.8765147117882982,3.4500244541033287,0.6803734754636226,108513.25864875782,440.3213568397794,507717.2743537394,10521.346409944714,101156.77016646515,517.24967472194,462019.73957122647,9682.761006435461,7.272363945771221
286,0.9888101025986364,0.0762611565588835,33,10.109102358208998,800,13,0.49651101376846474,1.0443203535287,0.9702549320101344,108522.55033289095,320.3820685689672,535604.5816832961,6628.189832105268,103581.04919112187,340.0956842254972,501667.7852889208,9365.850329219202,4.77066140993736
43,0.7984149817173625,0.2109382040206624,20,17.54944027054106,1000,34,4.017404651924243,1.4101728628565324,0.6709758175118891,108534.83646976674,709.0970087469664,439124.3349789151,18880.499459978622,85938.98857125973,1461.803707236713,310552.1500675708,8774.440222346164,26.292894848036006
84,0.9367315107033088,0.05053398922162395,46,4.032546400954891,800,30,0.9320249339407205,1.1784587303249987,0.8535034254880709,108553.52726852115,151.92520867957654,520098.8363011041,6776.183119029161,102011.0764666671,279.22341985900596,480399.6036582985,6717.887270546759,6.413470995957815
131,0.614168947367418,0.10542489595726258,34,11.017147412182787,800,43,2.0422660653534934,1.86344258506157,0.7039015135041304,108588.6056471101,550.36277026834,468823.3070542651,13768.113471054112,95933.43699177633,598.7850062480948,395937.9617352234,9011.799991272825,13.191613948344848
161,0.7621240732342973,0.18453806126198247,23,19.427901880832792,1200,14,0.3456639309330972,2.1858269440841327,0.6389573570214209,108588.78104818486,620.6724363724403,468896.0532252469,13535.457798635356,96055.71963770401,846.8067261726554,393555.0673374417,10405.429112507858,13.047699249718958
224,0.7111608388995472,0.0662466215076547,43,4.080712692577977,500,30,3.665356480148374,3.0799272513008953,0.6752098938461665,108699.19296437506,81.00870877997578,526072.5189361769,6674.215866432028,103008.89059718326,451.7691594760392,490252.1433008372,6987.602741568727,5.524088585172482
32,0.8688104541180797,0.10516427356767225,31,11.816665211380215,300,15,1.5163275733661141,2.6854121359832774,0.7306604967184164,108702.28838356638,228.58460501323202,553904.905522373,7397.185579075867,104642.14820748905,454.1362388442146,525632.7942417882,4477.740169888184,3.880023724309156
237,0.6145150490454009,0.08995875739771014,37,15.74253205203208,500,25,1.8560354694499914,2.144434394305193,0.9379157745144086,108726.67695464367,231.58308449919883,521791.66584816854,7879.415367857313,102505.0402720967,545.373616877115,482345.77488053235,6898.106030899155,6.069590984045092
289,0.7557927579609681,0.12179845237370746,31,10.828152146951703,1200,22,2.70852406205002,3.80950906302435,0.9334599847750342,108804.02461014841,652.6981263466048,473160.8585851537,13103.24186941527,96892.53786904279,873.7528265288807,402025.18202952325,7921.4903077446725,12.29350268150149
24,0.8607845038010402,0.07503809974356233,42,0.36150727231041735,1200,29,1.8323439229142995,3.720852615282811,0.8883759697008518,108827.95773959586,588.6506293496207,487975.4824668116,9946.73303257363,98953.94642921863,267.0969370021386,429905.63250541507,9454.929293661615,9.978390621782896
185,0.8346433852701897,0.05872412024601039,44,17.38519249302105,300,30,0.47857277760080863,0.11819293023168198,0.8567886001773064,108836.60780932814,121.544980565527,546252.2146210357,4234.267956336864,104657.65264156612,778.5976956753389,518947.42210278474,5135.23487496199,3.9929762060249896
199,0.9289922254537444,0.04843215509513604,42,18.455143810267888,300,25,3.8240490045149773,0.8741931363020627,0.8010264305853769,108881.13097560332,386.0252605847252,561522.3942132021,5898.842391394151,105501.57481521556,685.2360631700708,536912.3975907309,4549.5172471866135,3.203322951630816
238,0.7072556080382053,0.05535072327699991,45,0.6722720036656527,1000,27,4.532187266722055,0.6962268555879758,0.8129682729100869,108919.63908846975,162.69944986677655,512485.0126891601,7476.408436564974,101889.26812860275,306.1365857715792,468987.73838918045,8978.128391059645,6.9000112465165575
155,0.8105610643744453,0.22216096130904625,20,14.496531197481167,1000,32,3.2514709293672697,2.3963946428814364,0.8462968087768972,108945.68647587625,941.4515261969552,439087.6437145522,19419.52147824672,86360.12002457691,1326.386522337718,311466.4594465573,8744.025623931822,26.152773345928402
240,0.9311473501288692,0.23843677450303552,23,14.616419299614595,500,30,1.282650312221239,3.2708730073703722,0.6792390531038961,109003.69955522181,843.6993685435737,462018.3370054947,16590.509259597395,93763.81515222268,900.0975531069066,371718.27905382,8224.942700236896,16.253481557099224
13,0.6421977039321082,0.14239502544004398,29,17.851179969799556,800,37,1.7814891903848746,4.53414220772877,0.7088528997538541,109032.52595286087,867.0290220911535,460469.86942109396,17001.011576048742,94618.27123227005,621.5401773491693,377009.6409108723,8598.269054512595,15.234113383034176
153,0.9744848984974759,0.025071672258926998,41,5.976717726746276,1000,17,4.736752313155193,3.126523301069739,0.9133690903766458,109249.00915638503,369.0687155134171,562750.3455144981,6250.629805125516,105915.92476839125,646.4622186442232,537976.9749217763,5544.402079183135,3.1469152493190267
56,0.6231455591030829,0.12441132159635765,33,12.402651956030734,500,37,3.234241808343619,1.941341919949361,0.6917578982819799,109264.74450647588,626.8257989808149,486384.674968708,13838.044481310613,99199.5952266979,556.8410080325209,426857.5417559406,8409.07850226451,10.146361239455048
283,0.9558608132070265,0.013569813874661921,45,7.859484506905825,500,37,2.1526466923110377,0.7129707204095437,0.9560388140735233,109539.68584078651,378.9990048494073,572276.7099549783,8026.602315483871,106788.98679222354,1224.5187822353296,551228.3877139458,4788.984654908555,2.575826525927183
260,0.9496906896553406,0.01005463587140875,36,7.795187748529841,1000,17,0.6442435600012741,2.06380564633013,0.9209417316637056,109642.79294832841,476.5452866468642,585371.0195940082,9968.84042152672,107432.23138787557,633.375729728861,566348.4431041016,5118.064957200123,2.057633479166765
15,0.6976502088991097,0.05880440223014986,41,10.375812434867322,300,21,1.2589114791268208,2.4862425294619275,0.7203513239267079,109676.38721015665,211.29843873284094,563778.5817829566,6523.75781842632,106384.8252628569,571.9409030314425,539608.8471148125,5721.688405500043,3.0940145261947993
135,0.8474445512860738,0.22828782547171594,16,17.632742655407004,1200,40,4.129083752823814,0.644349337367226,0.7340475417036567,109692.81652329823,853.7275182874035,430567.1554770861,19906.937259884013,79657.45086266325,1170.1859253208597,266326.476541058,5734.864665724242,37.70565758176056
165,0.7010111128301677,0.1141827168957112,37,0.7334285386708594,1200,46,2.6675596264984778,3.908951649225147,0.8821542376448814,109735.20828803397,512.2826857052507,450356.61359362025,16192.204886653888,92701.39124816995,938.3271701297689,355725.5190275666,8129.681819199587,18.37493139047175
242,0.9402464231364551,0.17275460860193223,26,19.61033644002212,1200,43,2.0198893816327415,2.7127290169771143,0.9166799953813407,109743.01002242074,163.66783112825735,435142.3234944911,18972.53620498227,85249.67317407198,1139.1470408821751,301630.6472013935,8890.56767913953,28.73129706706983
291,0.8230835305000176,0.11071034131884717,37,11.659688523292049,1200,44,0.7526074583170678,4.08378465059764,0.6829236012750232,109854.7683839815,348.7163121626285,453139.5532213061,16625.371584480097,92959.75467665255,761.0371057527133,359090.24374542455,9764.483444164907,18.174546357287504
182,0.8836185046889731,0.04099430769747571,45,8.490548503927238,300,22,3.008059100731656,4.095944297133951,0.9536825853393631,109861.51180987949,87.19948678827616,574353.1734968497,7992.636115755418,107232.8579291519,929.6978212371707,554138.0819745511,5788.880723076083,2.4513511357352247
78,0.6448155608672209,0.12537812372326507,37,18.347912261710633,300,39,0.8544379369503291,3.343216099622155,0.9717503956510343,109882.55776889173,139.91220089938642,506519.80577691714,9963.502280047194,102645.99005383339,488.84026216944545,461014.8369343265,7327.176734331932,7.050024761087181
121,0.9215907917603591,0.1661364322104284,31,6.375050058641398,500,42,4.429888741180935,3.0793159409115227,0.6931837899014535,109963.28078451945,782.644377529518,466432.61277062487,14734.190807018651,95919.34613643603,1051.7603793199867,387779.79986828304,9621.28152451632,14.641399481713812
226,0.7471763005208338,0.10481016873804293,40,6.112084309804297,800,46,0.6235702845569524,1.926879415236809,0.8573460719647137,109989.65433054282,295.2553135797582,468754.0053705397,14049.710222975016,96586.11304177875,342.347068548569,395986.5458276977,8985.995160960634,13.877296504277293
60,0.7571957795915436,0.25045762400488913,22,1.270236591800027,300,44,0.669260594003166,0.06835982413498642,0.6301436241409849,110034.79074827001,818.3868110774114,464783.4337983302,13793.49001405159,95014.29800824792,1484.5425006124183,374376.4702448854,12226.939700102645,15.80866570073296
91,0.8333567179064482,0.12624691086145556,35,18.945666792236306,1000,35,2.931149160083986,2.52944339442233,0.8445816941738591,110056.50568112155,529.918967341862,461861.00400518306,15254.877348326885,95296.62571040948,450.20193818739733,378105.0532844994,9630.719910606787,15.488355291366629
110,0.6560074154641796,0.08646830276403876,40,17.477801551250305,500,21,3.165490316787238,2.471369250691357,0.8293177512717602,110096.73897197765,199.36202241907748,533505.9052969768,6734.977092109546,104546.46089958854,485.65597422098887,498335.7958110595,8367.093725811419,5.308910530907274
89,0.8145925405938379,0.11985825401150554,33,12.07915744145025,1200,17,0.7495871367438689,1.1462569761632073,0.8889010273572264,110116.25602852617,176.0278360573538,486376.8831068387,11058.226540342217,100040.4602044619,529.5499798362331,425803.79801212525,11192.806195944806,10.071720785241745
198,0.9274940016297081,0.1035331135754604,44,3.4704902997301734,500,44,1.7304986326889278,4.878051004299574,0.8563888309381328,110206.94464244001,473.1599151694589,490194.1878213988,8581.05352373479,100416.33565724875,686.4451483321027,434881.7715528081,10266.702599834274,9.750016191199773
51,0.8367554955285137,0.11156329154309091,40,9.633339759282308,1000,48,2.1211100462348815,4.53177192547368,0.6444789929224605,110245.48710607608,614.7697552104833,456424.3741579803,13669.108569086366,94232.5479828512,900.8729943802745,368162.152783226,10297.469007926624,16.993002381872312
88,0.7246888271182192,0.08206185054619505,42,0.6706486947155876,500,19,2.469907435654313,3.7731764593005828,0.641166412297658,110338.40759759059,323.6265577574201,541761.9074567097,5604.329597561815,105301.01784047399,280.9474817563613,508632.4582919916,7208.317073810205,4.783799682495005
290,0.7761765401249696,0.09767664231193318,41,14.180274485740636,500,30,1.7122398941735666,1.3512384606539163,0.9865669543465629,110458.46266912746,596.6445174421096,510480.84583400196,9184.762098880175,102837.7678099553,576.496695214039,465302.9085756799,5934.594914741625,7.41040477780035
112,0.7557182456167906,0.09372118366350295,45,14.380918103684909,800,43,1.9832468652602713,4.770434682698165,0.6540005109684828,110479.76787877061,596.1320925210898,480535.8823905529,12147.217640962868,99100.83914527985,600.4578156309113,416326.9597829348,8671.179805246446,11.4821719287457
167,0.9746422769179846,0.0214096267938678,44,9.043980565668706,1200,14,0.5165447856200783,2.9233535022129438,0.8752831463466382,110503.30923017161,231.33480517758915,573842.3300328081,8736.392283251374,107704.19159442668,693.6723633714334,550824.8632230872,6299.778074048152,2.59889387247374
270,0.9935361251421752,0.0879980942896766,47,1.4186443226754686,300,27,1.8092654660256935,2.362466775032568,0.6182594982009535,110577.21625786049,235.15203713829393,541642.2409528992,5219.339561521113,105911.94745044755,586.2294749419096,510794.6343542058,6594.190135984283,4.404856033447646
66,0.7586171129285081,0.1904051430660833,26,18.990412473152844,1000,19,4.632938125807472,2.460581465397691,0.7032977553195834,110630.79854815938,1284.1909271447141,466955.9102088657,12583.100465711153,96891.44600695492,1252.140057497827,386049.9633539829,9870.098141646027,14.180150165390494
292,0.9129553317840349,0.22302759770520983,27,12.468119163188803,300,33,3.1033023991229203,1.0065605391121664,0.7580550973057274,110840.99047970567,769.065848734077,483849.09597553854,11244.14052004398,99108.06206534825,905.1932840349868,415058.12646592845,10569.422017572571,11.838520671124764
71,0.6327036127795488,0.2633378009909654,26,5.5375529629440745,300,17,3.7412984519182917,0.9226050967818866,0.6837397293346841,110903.73963029461,1228.2908957139498,510712.5265781488,12227.780330794902,103167.5108002625,1555.3804665706332,461113.4563126198,6331.261298112121,7.498706492017471
263,0.813070354704622,0.19417584071381844,23,4.368863657666142,1200,45,0.48267235097720407,1.209469141294195,0.6049616145109259,111124.54524572378,892.8542994259077,432217.74174032005,20149.564628122364,83521.29754498009,1354.5091416838557,282956.64704326884,7569.183984414896,33.04935209594664
70,0.8137694014930092,0.11323753043887597,43,2.574967965992878,500,36,0.19656069920549468,3.997051994545213,0.8511601557963631,111194.31137472163,280.11146873131713,497705.4509273458,9513.36410714248,102010.99653889013,401.5075176367576,445499.6692785349,8402.29901750764,9.002279310476592
200,0.7594652111089253,0.05244845772705224,43,1.3634461877098714,500,13,0.6758314457741138,4.815575557945869,0.8198118143580068,111325.40391047539,81.21981739246381,575427.3579202787,8563.538681024856,108579.84891690286,785.9740755425814,554347.3742819612,6103.805605384741,2.5286045439920635
6,0.6353970008207678,0.0668350301015521,49,16.89067697356303,1200,27,2.698460661945399,2.9337558283192413,0.9861021229056552,111355.30221090019,297.222460144087,501900.16962386394,10517.817021474575,103229.17412647867,383.8213435522458,454313.1716684318,7825.246241595739,7.871929765189445
229,0.8245938351838095,0.17259142738068955,33,13.529358744527244,500,28,1.3491036006410717,4.1252470509003105,0.7993022729053815,111738.59765229933,689.3291625071472,487363.092468927,12466.731087934562,100778.32218291581,1016.5348223064909,424718.83746103855,10481.507355294201,10.8756280437873
120,0.8600669401772912,0.11576220234261869,43,17.699967130465623,800,49,2.205160808740808,2.0224272484092536,0.8289711037733862,111782.77277430698,673.0482349043062,463233.01643377426,13615.15522302214,97289.14703516288,786.0134202646503,382986.97725318786,10401.658699232126,14.897474364643903
176,0.6909078509052606,0.031226817892848653,44,3.368887702854393,500,11,2.3174702190028618,1.898928900896149,0.9453334598287301,111900.24992018643,290.0362245327627,598891.9710380913,12186.43327523547,110141.0293922568,861.1149557343988,583489.9636646002,4292.200417325884,1.597243586369923
241,0.8261321018286439,0.1445404211396175,34,18.94071975477446,1000,42,0.7562341436746728,1.1265846497561753,0.7003866645361192,112111.78761962487,661.2237820327501,449748.2583943829,15183.954295395113,93475.90032705692,1025.0826619649163,349087.7069922078,9787.098943461411,19.936568920292853
29,0.8784119186699892,0.17531773932591585,33,4.178374352307204,500,36,1.4764529420946937,1.6127538211930026,0.9394679179698697,112154.44122000378,141.9634727954264,473479.8643833059,12896.157089097549,98989.8587875972,594.0310194745487,398791.7326426667,10557.449893038705,13.298920307234564
72,0.7481888411165528,0.15051166570539617,35,15.199108178751713,500,35,0.1834160144529895,1.2621847217201037,0.885339834353821,112167.64554205793,76.89808547036968,480184.06500080304,13939.746553152565,100977.98604007985,365.0541006108751,417216.0770752947,6487.612583044593,11.081286071141005
41,0.97658592351061,0.12196976496222452,42,13.029695437155759,800,38,0.3468065043758273,0.5038900068871333,0.6072887302606199,112233.46443502756,1209.15959642436,471748.5638429234,13076.728201217127,99135.91163164812,782.0929634578632,397526.07427120936,10692.134464521208,13.211713684587911
130,0.957968576491136,0.25943677676119786,20,17.54921725260761,800,37,2.3833841416518418,0.22188331766618385,0.9408774133388031,112287.34457129116,875.1246571395967,439771.02846388967,17745.331663936053,87029.30061759303,1273.9784135723844,298907.80318974593,7689.413747592813,29.02245999273514
248,0.6376144417737065,0.11343458250111177,45,5.528833811667921,300,24,4.575450342035216,2.6651443362307,0.6631819291341392,112288.40146731412,310.84389362000735,538883.9140559906,6826.277407197344,107435.86284294125,515.9494683426426,507131.34028764366,5664.189832136238,4.51668418344322
65,0.6058178662671527,0.11167039205391312,43,12.732886432445651,800,43,1.7412773351165018,2.569947445799054,0.9134612050964572,112319.19260133711,182.45161690859126,473980.70226699486,14336.31131678835,100018.40202575654,738.4417599317608,403971.0110890413,8994.700137395303,12.298527397401227
39,0.7043574493366855,0.014438316684211576,28,10.062725171601754,300,14,3.4198188469907054,3.079255821949569,0.9775566418243029,112346.1719686745,353.24644249830607,608588.8336458504,13279.419988655023,111186.80887734256,953.7981686480821,595812.91643146,6547.646525116831,1.0427164004777945
57,0.7063751699856956,0.11450007760952778,45,19.72421488959206,300,18,1.5476380814316388,4.068975098534743,0.8738924690215517,112455.68563132979,230.9402984814383,553308.0733995062,6072.293097061177,108277.59466978197,410.0049074263867,524936.6450638039,7899.850096079227,3.8586846838349897
25,0.7232243167409557,0.1673366668609208,31,5.304047353634509,1200,17,3.1556931299863145,3.974056517708242,0.8010548372420768,112540.39689035882,772.2726180445832,474060.22323796066,12381.137054435103,100321.88146328142,750.7613376858294,401159.6632993797,8858.393921502086,12.179312477856064
92,0.6072440735283362,0.26291593359380394,21,2.044253284503992,1000,14,4.612496905886479,3.536193171566993,0.6610156171657046,112594.24076463615,881.5284413396332,469788.4681315014,13966.894823338816,98916.39372461099,1210.6371900893946,387945.81050620164,8437.211320931201,13.827684699166332
28,0.9854479908357011,0.2573727420855344,30,3.8182206230069204,300,12,0.8474637334304624,2.784006312291751,0.9744619096643123,112886.49441270823,378.3824973018671,528388.7599450533,8670.113452182526,106836.03604696183,110.44464935016099,491013.83247942274,7198.226544622049,5.663312295756473
49,0.987460777589654,0.20952870295076131,26,2.022453522455805,1200,49,0.36381503182096764,4.1093002964517815,0.8824968908625985,113100.63743219913,603.7438966348656,431603.94437227753,19299.769943689593,83291.25343187916,1195.4340038281948,275721.5814488136,6969.668026210849,35.7893329396225
58,0.6650467757379565,0.27416888350321433,15,18.99599826583848,1200,34,2.0912151814530944,4.663642416770067,0.9464255558001633,113319.42106625061,996.5826574557627,434364.56869787985,17471.276896782914,85805.41696739037,1619.8319306338751,282910.1056476028,8903.580404784218,32.06557939030434
3,0.6053059844639466,0.28323850914860726,23,16.16794696232922,300,35,0.48836057003191935,3.4211651325607844,0.7760609974958406,113354.87417883317,334.704751964251,474717.1633107049,15777.964610763374,100455.76399153215,786.8131376462554,398552.7114957562,8228.257415674048,12.840587413568771
299,0.612219782837352,0.2628940181496322,19,2.688702588162437,1200,25,4.098989024923638,1.6670366107955525,0.8932204759439973,113403.20074511955,1462.6458978347823,443993.3622349543,16165.243158366984,90416.39135243201,1551.826464740598,312106.8005393946,10456.449531982096,25.42327674092608
82,0.9040911439558746,0.18273523477627485,33,12.122037621116773,800,39,0.5334962505671803,4.253637300082273,0.8983898102194872,113595.5861654152,846.4588429006556,451957.2377642452,17253.45186668426,95730.18030405715,1357.9377667391675,355611.1352247477,9626.562468107375,18.66225030039026
256,0.8604590339526696,0.19006928456874503,31,14.761382466770343,1000,20,4.218686632033622,1.2698743728601236,0.612446239966943,113645.8638821531,224.26155304238674,467847.17487819254,14096.999589198182,99722.03183380085,641.8412329235346,388164.60493365326,8516.07055115081,13.962643753145798
246,0.6646479245143485,0.08409306995012535,49,19.699793122817503,500,11,0.32602295630246025,2.319656884061664,0.9636880823446241,113655.53587128628,513.9158947148682,572175.1596191527,8253.70758740496,110691.63879485149,294.34851446427876,549901.7749047102,6183.577899072088,2.6776160410163286
45,0.695438743916136,0.20715498617107128,32,15.090857481693646,300,39,4.512764533397833,2.5262618622392856,0.9305829864430967,113672.38731873855,425.11506114321674,482629.82076702936,12559.777100758654,102527.75317348844,660.4625238124412,419774.58757875086,9521.65219510373,10.869870645065372
177,0.8076327140544872,0.14896274451262198,38,6.824956552523127,1000,14,1.9941139044845024,2.9008618461366615,0.8134410186907514,113754.96053436068,497.55218809428663,500352.22934586945,8272.31942855369,105350.23046130386,537.1748256125699,448876.24050942593,9896.713670924248,7.977894339912206
64,0.9167271357878531,0.18108721016991447,32,15.10274511347238,1200,23,3.5203988404961177,1.0648208075445535,0.6545485902347079,113832.57435459517,347.6076466078375,458903.93143805675,14981.812334212658,97453.05314931524,817.4200161314584,366274.38612152264,8890.591011432782,16.807601892352842
172,0.7575457622616634,0.1988575633420327,35,6.97147334483941,500,15,1.5905577680905973,4.332193337638227,0.9973347749434514,113956.14999375308,524.2058865169053,517022.34873767366,8470.82786373713,106604.79301122087,320.53535479606205,471306.5227581768,11903.101495185485,6.895897243342919
128,0.92030787485195,0.19263559766888438,32,17.675717699268514,800,29,4.974539113232177,0.8694762460974365,0.7584968075610635,114028.64977148967,381.510390762565,459286.939323886,16518.125315107703,97948.62207333482,633.8445471349041,371139.4618883959,8714.376498784695,16.416798274217292
93,0.8305153440667252,0.18594736345102822,38,2.08493932103619,300,31,4.5534309912785655,0.614053909228669,0.6943624138380324,114194.84134788123,727.1029677501818,500642.6636903856,11452.211091546982,105481.19346954081,246.76404678676673,450546.1440912927,7704.698462630526,8.260854462986899
9,0.9659838702175123,0.2565111875590418,21,6.617960497052984,1200,44,2.9564889385386355,1.373608964950321,0.8244973703390804,114252.68523857607,795.1998763952186,430996.9515193977,18716.986789033257,80711.43037929095,1776.2721404006886,255623.68262102085,7176.918840264137,41.55700710749785
266,0.8293397382540872,0.20105927034062046,29,4.404506027546303,1000,42,3.687828745464134,2.626198787600801,0.6130582710182674,114328.07475837343,153.73804930346543,440659.27930902597,18197.10294106343,91466.70742021233,1222.6132102684467,317583.29034105345,7693.084551192983,24.99419513717971
75,0.9156684954429353,0.1545482376894266,45,10.742130836370956,500,17,2.9326771733037953,2.8222927126132062,0.7515090503805157,114538.67600537352,314.6472503527168,522830.56177494297,6558.181412237642,108010.14741675787,410.4158371345856,483201.31221812405,9289.431764262285,6.044365964454501
202,0.6070751238453028,0.18474041751443082,32,3.040497062572962,800,14,3.9038079303421993,2.2990021188466008,0.6232655182021903,114663.46752827735,553.4146958071917,500372.9823936625,11284.266528562965,105328.00085608805,879.0102252569312,444312.63435979927,9901.930915447638,8.863233514651592
219,0.9969661601957881,0.20472193111944653,39,17.22739992726872,300,21,4.5946326681977725,1.261205100866808,0.9020167714985113,114682.16449337722,727.0705377965697,516654.12754297536,10106.220942220296,107097.47428251541,867.2364338095534,472161.0550851899,8065.064656577139,7.082043961983597
23,0.8675953018856915,0.17839912021657184,34,13.270035382161115,1200,27,0.8040402570874933,2.7436689468329307,0.8767580790770773,114810.40422658937,354.5752090688533,454791.6823847177,17161.627475868165,97266.61330725135,879.0093288537955,358576.98796310957,7663.554949521406,18.036806590478992
180,0.8469407029651896,0.16169457012871755,36,18.592117548439784,1000,44,2.9046602663139884,0.44813169577471057,0.8870543143634517,115013.21697302337,450.0788481795007,447405.5612296155,16555.75811333406,94434.7211005721,980.9646647255151,338975.52215842035,9486.573164532138,21.79123910424361
83,0.7634073171743667,0.2805520394589868,20,18.766809136420758,1000,44,0.3324813368338875,3.7056032464502953,0.8297892452719647,115072.40427029302,980.0310982581527,431499.514376939,18043.28241509306,84640.77570142459,1424.045988363276,270544.7707763727,7952.368122027078,35.95386303667374
31,0.6020739451095947,0.19208938033510445,29,12.999278615555303,1000,32,0.13808385936852352,2.8943244775377934,0.7753896492072347,115127.15804503812,397.61687212482985,449794.53410788655,15758.54489012077,97245.01153692145,1205.4923895414154,351633.8822444417,10709.739823394966,18.38875457516633
2,0.6092249700165663,0.16218465147493286,37,19.475110376829182,800,12,4.299702033681603,3.4015376929388985,0.7801997007878172,115196.15711032884,159.9394919316189,516454.0054290993,8528.416929844603,108424.62168264894,360.1808947322966,474956.70043714944,8612.281382427826,6.245385340148757
42,0.6377771843023713,0.20807196429074348,26,13.114452707614843,1200,35,3.4080683448639486,1.7031228473212001,0.7042778112943613,115480.02570859304,400.27454561469034,442495.79973988415,16855.580592317074,92082.64333859703,816.7506899041962,316701.6861108943,9229.308327856334,25.40911242519559
187,0.7617275072417169,0.13417788832842828,48,14.490337027972362,800,48,1.7054501223711027,4.093535285596164,0.8412877640853489,115561.55315703987,839.5670317657036,464177.5973737953,15912.336918762052,100056.03017142256,575.8507215597696,382506.7188323497,9765.077246946847,15.496840079555652
205,0.8108165855646606,0.13356418132820772,46,17.732084304809334,1200,44,1.838796754386448,2.0706487626446353,0.9310151582267497,115721.77837184141,197.34802301771288,451403.9110251874,16805.985995911222,96750.36974030435,783.2512948711775,354047.07664305373,7997.455977526314,19.60861615563825
100,0.8137823565028988,0.14951550503239994,39,11.192806626164359,1000,10,1.6718140565524109,0.3775168190194461,0.9012984882989803,115759.22443526314,531.2326578784728,519182.2872201292,9432.779354109225,109019.80132144106,390.496012891515,477255.1736125246,7977.121698117696,6.181833971565509
272,0.6827970313753707,0.15980606224933394,47,17.082719953010084,300,17,0.1836068125041057,0.5401287706534569,0.7355442597355006,115771.59096147712,167.32253104602265,543551.781330591,5243.68838674257,111070.30483142061,594.60486027979,512945.3501981389,5976.328585040447,4.232712008121342
251,0.9529665473629355,0.2430450252780452,25,19.76831978824153,1200,30,3.625927740136954,1.6150559919310692,0.9988312628326647,115825.30315241577,995.7712508341352,440689.73458201415,17759.440840368923,90559.46524003915,1316.2376741441144,306016.89819532406,8071.872498418763,27.89972074747391
134,0.9189704086427712,0.2009510320509434,42,3.1468131940505195,300,22,4.18506664181836,3.487357308346418,0.8720563087041202,115889.68380767008,630.9345301799825,519447.90715300414,9209.708488600492,108615.63888589246,793.06462842238,475253.12679738976,7759.013909499157,6.697051176414348
268,0.9095518622920625,0.18455779499438815,35,3.296493506935241,1200,47,2.9584858115316277,3.5131688654275814,0.6949733873499225,116037.66599947347,293.79428755234005,437366.15981445246,18386.185570195907,90317.9551583872,1074.7249313662903,307152.97442509996,6096.976494764285,28.47685246635907
236,0.6635632670677414,0.18696529334851597,40,18.452461161755792,300,45,0.06701313216082805,1.41372844789381,0.6178379633491846,116099.59528515267,843.2586237774813,488166.13041718473,13283.898945058007,105602.42859812442,540.2734771384379,429261.96255621297,7814.078401376008,9.940270149444919
211,0.7845909858498936,0.19478842827440132,43,7.72697819696631,300,24,4.4469545806442214,2.2530982836487894,0.9529837761824399,116166.95030666808,698.3681652811186,517813.52914727526,8121.117745030055,108817.20688202669,709.9395625083006,473983.9022891962,8293.688217235032,6.754210694462648
174,0.9231383767765035,0.23106268908521857,32,8.71166629625866,800,10,0.6010452768530422,2.722445489804248,0.6023034641992486,116191.03181506101,468.03496192138033,506858.85284389654,9706.628996320338,107722.16742908116,339.8390245228761,455539.95778075367,9495.907558677516,7.861765677482602
265,0.9409055497564726,0.2036633581356579,31,17.846049962793046,1200,39,2.1459129669817845,1.3388833774416709,0.9156643386354926,116248.4101487032,810.5031262883527,438937.48777476366,18544.91317428529,90906.82379655827,1236.7217725594144,308190.23726302135,6957.9583538059715,27.876440176655226
138,0.607371087495287,0.13534982732882858,43,6.837443320773722,1000,24,4.660140527550087,0.5125486399533963,0.9748913948945804,116402.55139386682,280.2457747218194,483221.4587158886,12594.171329379624,104771.12167972156,367.27290423122014,418930.907581699,8103.118253263634,11.101751635056246
129,0.9032953902816365,0.21184597923559975,33,17.948722960924076,800,47,3.1146869146755933,3.7393580204611427,0.6139460640935299,116493.94070049607,497.4581975793031,442803.7901568662,16276.517855363363,94550.17996323884,737.8983823703626,328466.8405541033,8874.71686058205,23.208586959632417
168,0.7589515953857604,0.14917015366170122,43,6.462613141405571,1200,48,2.2736992781692953,2.5779801428962514,0.7955386321027681,116580.37135413506,714.4480982032354,445390.956734659,17120.591709359043,95061.77328312099,1041.883444610245,336461.15401956945,8658.28699024378,22.636436632552147
140,0.6298777671031416,0.2572002511676078,23,19.469779383547937,1200,21,3.7482591587146237,0.6504312006531598,0.903305278371609,116608.46507447124,1250.5083940543025,451710.9149323068,15930.43277761159,96247.42767451527,1830.3725358828049,337479.9888917063,8377.626504889722,21.154889945539026
293,0.6157838131563597,0.14790835087117973,45,18.138856176696677,800,43,3.6107161772795293,2.666933143826813,0.947987663859074,116650.92064241077,774.5108254209771,464564.7194225165,16775.900623660247,102076.33398598527,379.07250070697535,386333.39366653765,6220.48475066083,14.278125092567029
19,0.6880964190262193,0.21623336440702517,28,6.973319745834587,1000,42,1.9878601054376115,2.5887567526374005,0.9350840423629312,117052.67777855163,150.29098149385175,441411.95059834234,17681.879809631122,92561.5524967514,1136.4226728985857,313287.1314404703,7472.91266700641,26.459285330871896
20,0.8702760468157122,0.2232126745798239,32,10.828959476551317,500,44,1.1427501089864984,0.8747746354796809,0.9928673373317742,117053.12199289697,488.90579205170064,458035.1255160081,17584.216953691313,99877.51248913036,930.5310010631327,364914.2010754328,8171.61187184064,17.19667328082066
252,0.9919129831418088,0.20027886522596838,36,13.737219953500581,800,42,0.1468207955119616,4.1147922311074305,0.6839011790734726,117124.12402732675,762.3692383958074,450877.9584417157,18003.323812703704,96832.6251618318,1567.7268458142605,345329.8003602797,8397.625896899768,20.95522953300368
4,0.6488152939379115,0.15360130393226834,44,18.186408041575643,1000,49,3.7768070515882624,2.1257793724562237,0.6831766651472755,117571.54778789375,595.0977630850678,450262.0196902409,16749.707652879442,98437.19621959364,605.4807295838762,352149.7652717582,10382.834089620237,19.43813142098767
36,0.6731463988429229,0.2810380592285158,10,19.09730561326388,1200,31,3.6501965828090928,0.23858063845824395,0.8264148841976305,117786.77780751388,723.4601372457223,438913.22830834024,18391.052928407367,89055.95590724012,1289.2372910598804,287652.4674560502,7668.809631808222,32.261538947714556
282,0.9446969979673181,0.18118280745641632,43,7.684792402747627,800,37,2.896331769102634,3.796755128763065,0.6395494470562542,117804.4382033811,1490.9704350661693,460973.06034536805,14863.216115010071,101340.39919440454,1729.7634589143186,374486.7359868668,9296.749391188185,16.246274082059877
279,0.8450293873379277,0.26337259210524006,29,12.757541853272677,1200,11,2.6499576146320933,4.1450886627274555,0.9965052906934533,117921.56165994123,1186.20061901962,480815.87308993936,11242.455899007424,105590.63945160339,1340.354737195559,408272.49656141194,9222.979603788757,11.678044827060274
223,0.8755541208200363,0.2632636455996342,34,15.22243074086316,500,25,4.058761084328549,3.70856030756465,0.9525803118700086,118017.97257522056,1341.5743552441904,477962.21487333305,13720.706917359581,105006.62154574863,1347.3046275480265,404976.23765671573,9084.358664416968,12.390981480918551
8,0.602208846849441,0.2464838142519019,26,14.226839054972999,800,42,3.029799873905057,4.631504392566745,0.8604308102007778,118085.51147780493,1001.628853155372,443504.79927739286,18016.359056382495,95930.45206650802,746.060636196143,325430.0430766667,6980.778247154941,23.0949181766984
170,0.7775000877218284,0.26176125376947657,31,5.106130494568637,300,35,1.8714838356989634,0.08757995431031118,0.6976589161689497,118597.07064028211,1413.040576879925,481285.8994195662,13804.900655902362,105423.65259381419,1125.8702284911835,408234.4145348056,8956.572337658261,12.49569496251819
38,0.6391336642604005,0.15256860378388137,48,6.926086421788016,1200,32,0.24029462098516863,4.7457286579569296,0.954672154919219,118750.60548670095,449.6597567282538,463362.4356265511,14796.403172387383,102833.96622745278,491.2106979024487,380169.0402714692,9099.913627627293,15.477998022601835
106,0.7072254563291505,0.19100318327624885,47,15.476690464026806,300,43,4.305340099873608,1.0975526254047936,0.9898189060795479,118794.58556709182,369.971075328855,492640.5532804872,13109.768238067245,108761.93248006643,597.0875112630462,437338.07926614274,5901.037570236725,9.224415986599134
55,0.851759455254105,0.21176711980553897,40,19.916627500587413,800,25,3.6855035292150964,4.576271708345532,0.9834809629631385,118978.35439272155,867.5349197693862,471830.4273122595,13511.354144582088,104843.31208473972,712.5205283677793,393966.2576687666,8832.089886082049,13.482063878864459
162,0.7620083196321286,0.18194633595121673,48,7.184667387995313,500,48,0.8176193629251138,1.9554076832588034,0.987764928934115,119928.68989076419,465.8020004595587,471189.85305151733,15094.330035143787,105415.18555376101,569.6921571725532,395269.1515803927,8814.389798734135,13.76794459048918
118,0.8353055027879724,0.2998125148740921,35,11.358904611052589,500,16,0.1697298929289942,3.4871013362341996,0.7189396029490203,120174.30821295686,283.07775429425175,496530.55765078013,10314.850941912622,109998.22698656931,652.3317917119604,434788.492336224,10696.395597248964,9.251132045637478
204,0.6404183244042586,0.21072678909129824,42,10.188442562995794,300,46,3.0760971911550543,1.5312681039330585,0.8495583345166554,120201.72409457725,273.72167244403425,485584.35147859046,12994.8596443022,108287.61352413455,702.5470490505431,421916.9786548503,8297.964748951668,11.002283809484226
209,0.8606842591643873,0.24509891911601722,38,7.889525571400706,500,30,4.781110953244742,0.6657250208904847,0.6408598118630152,120247.81652667739,929.1856089095928,471442.7366563952,14337.255154990158,106663.905368577,1084.7780919969236,398508.46715444216,7162.898639526405,12.735246390202182
48,0.9166316174903394,0.23898926141042062,48,19.918624840606583,500,14,3.6851777839550444,2.729578850824945,0.8823325935514779,121051.81559586646,810.4548365906478,517671.95760116127,10944.42509473578,113452.01355453522,978.7548127194417,474860.78030228737,9427.521142799253,6.698692956805119
74,0.8255860368075345,0.2538058959046,31,6.5499470435582925,1000,34,4.452636403699475,2.9679622677702433,0.8716409276577959,121139.39841266512,687.0997318957458,444035.78092014865,18035.44209669336,97414.5458906825,1329.8052858593835,322640.38446753053,7774.998202604984,24.354527658124468
90,0.8880146146184298,0.19593281353673622,45,10.854488866951923,800,36,1.7284799675195972,0.9079885840071283,0.9633802245334513,121144.56281972426,324.5628548953794,459111.03488745034,15887.427281561319,103513.71748308091,916.8550235159379,367625.89185289765,9045.671420174467,17.032375771380327
117,0.8548926319157948,0.29436727205219654,27,9.78849927286281,800,35,0.25797903329355,3.349587322750196,0.6176661750840401,121218.26555937169,754.3564708007839,445974.5684887832,18004.006429987257,97012.36991672222,975.3271958173965,321137.08403829153,7478.376234087086,24.95134967162269
259,0.7633225371037804,0.23018213258764442,45,17.42408964526104,300,44,0.2954694503912664,4.494236940901237,0.8603074190234989,121250.63184294738,1074.462932129348,485544.6095342965,11789.81197845131,109395.936932982,1191.1521584000986,422146.06346315186,8549.58294061657,10.836503843125156
137,0.7305734306013172,0.17235485056956054,49,5.196071621283195,1000,33,4.093397102499209,0.6422435904659568,0.7133371793062326,121322.88498841028,616.8137835440837,463626.6783224649,15078.44859804396,104920.4811892266,696.7441678622396,379120.55798206356,8064.702992307996,15.63317630006058
109,0.6471004331560565,0.17718977789913354,47,1.3435079983142018,1200,34,2.4873244698994528,3.601012908161479,0.6426314920514697,121333.27232628781,630.7682127372732,456928.7513200403,16664.457349571705,102713.20218812284,1067.4708602645503,362215.7199050147,8343.663423105269,18.128215011797266
294,0.6522609375293852,0.23924784033971663,37,1.1548210373834755,1000,21,4.848038634240477,4.745560715447202,0.805160966458879,121590.99365583673,866.357991642069,468711.5696588719,15137.25609848991,106322.33047670055,1028.9131502452778,384923.23283668264,9097.174231539859,14.360730347687545
95,0.682231923350255,0.2384590677272028,35,6.669983433822884,1000,34,4.317590703064785,4.6148011589924245,0.7862800489275252,122029.17058809317,699.5797175959498,449496.6038543678,15283.131301448768,100344.75677773339,810.1784703105975,339308.7466091551,8944.094976709615,21.609912173479472
96,0.7923347912356294,0.2763518702323973,33,11.552639081830945,1000,15,0.16939580123297493,1.557365855663787,0.9121982830184351,122129.22081365298,1077.0137613418142,472603.83878224966,12946.576037106975,107081.33033503247,1231.9333418746394,391911.2722351262,9919.180427176569,14.05276758473133
184,0.7208242007339181,0.222267839599834,45,8.474765072975256,500,34,0.4776765691733409,3.119296623382865,0.7807070714948916,122606.7218719998,687.096271500337,478670.9574157193,14839.593803675176,109415.00710422611,840.7749500772579,408225.94921201427,6942.195146924183,12.056586310146278
225,0.7421538274742958,0.2372996175007652,45,0.10459227085825473,500,21,3.728668913656161,1.012402800826187,0.9832293920477521,122788.72626931556,1153.783738110462,496032.29860201274,12202.573294943159,112309.3511186912,1155.7559413626307,439212.781930939,7011.100344101796,9.330812658288368
217,0.8992292717718129,0.2454132385461399,43,2.5619149273240005,300,49,2.992657878421828,0.4750584949615233,0.7503971559765246,122953.15375976346,1509.4209142152433,474592.9452369162,15216.398710214593,108532.07314058491,1353.3696542786442,400792.09204767435,7706.839618542346,13.28739072412124
231,0.6489507029300712,0.2232966258813859,42,1.7720085935923446,1000,37,3.678315571195949,4.991737556964749,0.9732453325374231,123251.63788357486,581.2751815905626,451687.23806717974,18636.715350472285,102853.16518531705,1013.2416023367991,347835.2759250434,7370.625359255399,19.83261541976331
44,0.9002459006563434,0.24398207438750655,44,8.25235353822853,500,48,2.902720061719549,4.33558303604861,0.8247466768575095,123487.0143612795,1263.373952951457,460339.18094751815,16545.551545831047,105456.47231736007,931.1860640604475,367913.8178394421,8440.421068158486,17.097615393067976
181,0.7599620827216624,0.29325031921214784,35,2.437721866738951,800,16,3.405589269824914,0.9071917384781347,0.8100653534668241,123531.83329153276,1058.0429252342449,479300.4179840729,14038.867071187196,109947.78435121186,1029.6032129675864,403353.46130397526,7014.539568639867,12.355000167105402
46,0.7280198404122447,0.26970173626389815,45,0.2167530296059672,300,28,0.4564333839306678,1.5965681879520743,0.980024786820322,123662.58221109665,1999.1369490886266,500958.45829552156,11711.144506487792,113795.65719773842,1514.6931535989204,447316.9293747362,5645.69471135341,8.67073951355881
30,0.6546485325768115,0.2155841891039344,48,5.871836885289867,500,44,1.2810347179722903,3.0575685543284026,0.6326376721600961,124012.66582272259,659.8203631211245,472879.19781944744,13978.709111911998,108955.4794393442,275.035673393041,395078.0458426713,9085.62507024932,13.819577006001582
281,0.7372669412690633,0.22146031138933991,47,16.912087259798135,800,27,2.0194893208506186,0.3880732236572043,0.8170137474129006,124691.52662042405,1007.0266170700543,472341.7374312314,15829.824113939494,109427.28771173791,558.8923942510661,392824.6328824681,7481.555759694318,13.949207028594568
212,0.6422773919625097,0.2965998285900381,32,13.604555584167066,1200,17,0.4239600802290161,3.5816169403134115,0.6288337343994693,124740.56640906302,701.0232256368542,464077.32020343206,16769.930158181967,106810.83727278165,612.9958286186189,368199.7025834679,8600.098730801881,16.78643253258194
76,0.7349787335487672,0.27089774517205356,43,4.8870631092930905,800,15,3.0288740967844356,1.1861339586799724,0.6407129890481614,124888.02248998167,1262.75962860118,490109.74908018863,13404.431227048297,113141.29695838645,1017.0470205390005,425463.5237034098,7264.226582331042,10.382350076750214
119,0.9697584781506121,0.2916068910979566,32,15.906836759181948,1000,48,2.2757184251807807,2.612172880355845,0.8578186602503288,125033.94393629437,1063.322653768831,436101.0187454888,18258.282183417523,91711.0125945304,1666.7936842976212,278260.9059750256,7952.342313220237,36.33471095678571
80,0.8828920382577778,0.23265605541842324,47,11.624764428452245,800,45,1.6032109607975715,2.969415487789494,0.7476921926039585,125053.25089442845,558.5003352388339,450209.1500386914,16871.809506952617,102764.79199278461,702.2887289983473,342694.9619597132,8876.833399940238,21.688808461957265
152,0.8757859876549063,0.24217014274163404,43,0.8236699055854335,1000,49,3.1821512477181835,3.5323786324345057,0.6126344579302568,125691.13703216682,68.72372235808989,442031.88774210616,17577.407136077552,96999.21951404354,1112.063089953882,309297.51939118066,9537.401276978237,29.579534414675646
245,0.735910988624754,0.2629193530065182,35,6.60430129742995,1000,31,0.08972839284245915,0.6312689139630673,0.8638517465578969,125785.68465717952,693.2480933221563,450599.5001558161,17214.03727029631,102816.77582796739,1225.399838518881,335774.1867655493,6918.556948621991,22.339650941441324
188,0.7348908531021682,0.2726021897756054,45,1.7131649919286107,300,45,0.9593366235937145,1.6168578105776037,0.6906625608907953,125838.42878913344,746.5367520935655,479122.1478843519,15073.262380382012,112152.42949130933,1054.501665115409,409153.5229433218,7234.344640121433,12.203034174025307
122,0.6097603126226152,0.26232867343126964,39,0.00475047151769159,1200,22,1.9198194495986287,4.6629495471262645,0.6280118822989884,126081.6575131947,713.8221474548288,459409.9025760952,14502.082330363557,107548.66171486134,1073.263101207058,363756.4690605548,9427.793248204565,17.232195643186166
255,0.8848056081323123,0.2495336816853437,42,4.7974822551188945,1000,43,1.7397070579108331,2.251754894527063,0.8995305347853226,126198.72431182122,613.9015864012981,442395.45235715486,18966.141033020453,99133.011195247,1164.278572319456,313719.0369041536,7270.21546453434,27.302422059254372
40,0.977700638850067,0.2614876907309511,41,18.80460482849915,1000,44,3.216441092211766,2.2912644524575834,0.818246715726374,126714.0628168251,745.4921011685702,440699.36617839866,17580.87812967332,97838.43631600401,1209.4752886545737,305569.0579524897,8043.709115749128,29.51358135728681
194,0.6356497728464067,0.2290284219440743,42,12.169728253195826,1000,47,0.7965201030949015,0.31554516539575084,0.6470596113894235,126850.3865326846,771.1072225116588,443706.5700284086,16941.842387485674,100751.8955833165,1149.8321686220233,322610.3433073673,7842.108030846355,25.903722007677786
234,0.7194902294355092,0.28279698108344875,44,8.593136254778702,800,14,4.209667833959044,0.9305070892313866,0.9210573239182842,127105.52783630928,827.0984062579397,492575.954084537,11713.677764889846,115674.1903163996,766.5862297202813,431720.58725101576,8636.835752564204,9.882357930184726
103,0.9221259869431621,0.2967313467670784,41,17.113929362125717,800,25,1.9859176480922742,3.3404256828532306,0.6819937181663284,128198.1531842285,935.3473100312325,462545.47914834606,15995.529614625419,109110.21029328699,975.9248692960123,367742.66351592075,8582.247270295158,17.494185777511873
244,0.6390250040957198,0.25997620343723893,48,10.908637388138109,1000,19,4.8903090898676425,3.9699485818400304,0.7989023721258752,128474.01595878422,80.82927129876529,477315.93399980455,14735.830722482464,113862.38437196317,504.48406160509404,401700.5930920699,7189.168163327919,12.832711757631987
34,0.8904365334890646,0.292997103044135,39,0.8213503353575158,800,37,3.720213214995577,1.254302636733306,0.673733469732548,128668.48614928767,643.42307633679,449407.2764116887,16917.964696005736,104357.18021063223,1053.073023689201,332272.53221972275,9293.84587435237,23.29624649649027
101,0.7089207418881198,0.27025481884747643,43,8.174683421961928,1000,41,3.579861144236988,3.294619709550757,0.6108383970013934,128788.23263320567,919.2996151226065,443495.06800573086,17704.776839738563,102692.17528025505,1113.6630711380215,320605.54574440146,7521.368779716735,25.411923821588566
253,0.751610850487639,0.2923026430930902,37,17.163541063143278,1000,47,2.7039687749277217,3.5512139931165576,0.7257400452734993,129073.97780704258,587.3859370004985,440264.25461906224,17647.07458349338,97801.90935414529,981.7456900794799,295098.6956404301,6076.298586277106,31.97490586779821
220,0.784215798909656,0.2541795803381178,49,11.156264510221398,1000,41,0.8871438473485344,2.7251345944846914,0.9938678958098033,129151.00243384227,881.3407750305392,447927.3129128251,16911.83682762454,103942.11592514474,1023.3768628863481,330746.1133231228,8048.124175521463,24.25281252389746
17,0.7957811041110252,0.2958386316920742,41,11.85393447758787,800,26,3.641081743059298,1.838915663596266,0.8529223322374317,129507.93816533247,872.6366529524679,463584.6449531415,16278.282127485598,110331.57500787817,962.8382673915486,367202.4449683777,7794.172193225615,17.38066655541264
149,0.7582180335519875,0.29266295704250006,47,5.833251574186065,1200,34,4.300611985946023,3.8992549444667493,0.6158475301393428,132101.88172024954,410.30771210283314,447307.6592430191,17685.4278229798,104651.25652363314,714.8088206608196,320748.2349886845,7394.401803851592,26.230573916154842
