,colsample_bytree,gamma,learning_rate,max_depth,min_child_weight,n_estimators,reg_lambda,subsample,mae_mean,mae_std,rmse_mean,rmse_std,train_mae_mean,train_mae_std,train_rmse_mean,train_rmse_std,overfit_gap_%
186,0.7815158165534557,0.11802523167323198,0.032049024199003795,14,1,900,1.2435713629381495,0.846857994641612,60226.55076888226,384.32350892011317,410998.3503487745,15258.72182090242,15230.942374145105,516.4777076572346,94544.3554981127,8746.075416146512,295.4223533214747
25,0.8233173814428391,0.44131817159466985,0.06661213250241381,14,3,600,3.629778394351197,0.9588441039810308,69691.68996601457,264.0276000026582,413924.51988108706,18703.061089403902,25354.377805345797,1217.809610214282,124428.59199989024,7244.60402891299,174.8704405253461
199,0.8439327221994778,0.2817194636742294,0.1241259112698393,14,1,300,2.728434442477367,0.7777677811004806,69889.31502456292,250.06846423335347,414081.36576848384,14807.035845196693,21931.10820601822,575.4160149813011,103543.23832868766,8097.783177503937,218.6766230325938
66,0.7413408912104211,0.29182805592543604,0.03332039108949545,14,4,600,3.490808570098726,0.8144385465376481,72271.65720757352,227.44912014070533,409084.63011488813,21587.04160445586,43772.3479603815,996.0680481740892,212019.14959051544,6014.7605760059,65.10802041733479
158,0.7203854267787265,0.3540860443226408,0.03020518044063151,11,1,1000,3.1045775888373854,0.6182968135250051,74035.87478766205,245.24745743583105,413421.69710344117,18365.33357341279,47108.054680428984,716.0090087512976,207125.293942071,6334.411593508885,57.161817209192066
277,0.8603893868603816,0.27271593470345273,0.028681931764565682,13,6,800,1.7798668689742636,0.9912247271894115,74747.22442474855,580.4580455975805,415065.653478521,18611.35551550825,47200.27241056811,850.9374127149957,228776.3255045338,6385.09338240761,58.36184964053872
34,0.8784119186699892,0.2850305850446825,0.03915294813123056,11,2,600,1.4764529420946937,0.7290203056954402,74969.88667277584,274.6237088288379,416151.4526379079,19741.022800726907,48398.11496491739,1042.456642088368,216368.0635872921,7447.884360903458,54.90249305602022
230,0.7545843364636589,0.28222054533944124,0.06753473667755817,14,2,1000,4.9743315858488355,0.6231122243985466,75075.57660905516,440.17646340743806,410525.016037276,17485.55457529931,25071.506738821365,897.4076844414868,111817.53663556794,8654.142033072145,199.4458107011423
68,0.9676706207342238,0.04137421001765307,0.2729984457777378,10,1,1000,4.052766653909164,0.9949104517259778,75222.5042584334,505.1362365224566,424665.9025460546,10892.973169901032,13952.37621295115,1139.4327599678893,86590.12536512013,8928.324869397917,439.137585672388
148,0.9509843450521521,0.13280002129435303,0.04885447638484125,14,3,300,4.260967666735039,0.614168947367418,76489.2306061395,549.9073546279583,418254.3737378698,21004.563317466316,52453.351762634855,1329.0714469779375,251349.1158088832,6781.4439283930515,45.823342142697186
151,0.8064316081774466,0.45325685972229,0.18139568257587224,13,2,600,4.322464401536743,0.8935639675814806,77005.57273245808,166.35528926040033,419415.3775415138,15702.28139124615,17144.30829039325,434.36758714788743,91468.22774062869,8536.236913001145,349.1611526585057
36,0.9652962210225885,0.2556711994304689,0.16045488840615987,9,1,1000,3.978963347180505,0.9560021367270265,77477.61866681326,1057.3186034123078,421557.891981714,14061.492816180626,33403.761437159315,2055.6759028249903,125645.44932703383,8225.30043572953,131.94279725823003
274,0.8880032158652452,0.20899496693524217,0.03665207352626931,11,1,300,4.90258411000553,0.6909637983445516,77570.93480119306,599.1282270642525,440564.2937251138,16464.696151747194,62633.96252575505,909.6378566709893,320937.3410740693,6554.682864729784,23.848039742489433
214,0.9622099169318695,0.38631136372469127,0.08946863417102002,10,1,800,0.9593366235937145,0.7293486248462083,77706.15940235142,631.4670218247527,420959.1969131858,15725.113892789579,35658.879949014,1734.2452385827758,129097.66704143904,10132.754729999459,117.91531173569592
212,0.6927788384463902,0.19545299795275733,0.18834290055585193,14,2,600,2.9852345844784582,0.8703364980349504,78621.45965592383,137.39674741911992,418400.12384548737,15145.179432930006,12923.424288735905,608.6601385455205,86262.7262204221,9248.038010153225,508.3639900645414
125,0.8880810326529183,0.05328936506433718,0.0520055615981347,14,6,600,2.9870655108515414,0.8402067441734613,78885.9515435644,400.81766090716565,410457.41095449874,20355.598879995137,43270.771314514226,670.1726525585299,186676.08480272166,5194.623706890575,82.30770829154102
78,0.7601201955641126,0.3488337868484659,0.06402018170478956,9,3,600,2.5761802743210542,0.9892441397080417,79590.26931131652,620.2175708652858,423764.0605791393,20013.6742589976,58218.29011534981,1097.4378890390044,264450.53181972384,6930.688170061324,36.71007711429124
253,0.8973695144306437,0.3059702526686655,0.04177921376754789,12,7,800,3.1814567698962404,0.9044486148172632,80312.94701062434,335.01376033777836,414854.8291596212,19673.489165187773,53204.1987061919,1309.0867669834734,237247.03022286016,8063.097237462,50.952272496639495
50,0.8726454675891159,0.17031228473212,0.08820835847077092,12,4,500,3.483685826820753,0.8515771387119535,80314.76690143741,652.5942290620792,414826.02474846266,19765.658141423854,43898.46252456637,1123.8383145075436,177810.5270611276,6664.688809678527,82.9557626454271
293,0.6699525748703837,0.42786862945289317,0.07815386710705446,13,3,800,4.3319325712567105,0.6862119475165327,80374.31794765907,674.4481093900944,409265.0745622753,18106.14236758033,34788.667162157064,1045.9219912818744,136419.0774728209,7656.800438284877,131.03592205190847
201,0.8076327140544872,0.23959093881486548,0.017692619741930704,14,12,900,1.9941139044845024,0.8320689476909329,82980.70105995826,363.9564121886954,428428.0456502883,18300.42182026932,64191.26241369744,799.584684089737,312470.8837568376,8397.395063358177,29.271022160566563
161,0.7874157667074337,0.47215181747891494,0.0406580859081157,14,7,900,3.468411128907443,0.6883078451155041,83315.95147579836,557.1985523832144,407454.0482682097,18864.3644637775,48498.2028747535,1033.1788481950987,199559.10557188487,7240.565828741335,71.79183255709827
279,0.6505015131170454,0.3298146831973711,0.058485943385761435,14,8,500,3.7536475349967358,0.823192295513056,83521.41264446947,399.3232656037369,408406.6868301159,19461.659057969206,53542.998969446926,948.9233827275784,227467.77014493337,5512.641688290962,55.989418321766095
249,0.8703929102345421,0.24802391933994328,0.013814466996068055,10,3,500,4.079734694843086,0.9445479985453744,83999.68351440063,205.42909288490978,469262.81896866165,16613.856201811384,74139.79582471734,631.5641114674404,389867.25656381546,6662.256016657745,13.299048884615527
289,0.9952262266611096,0.4506480053873244,0.20550037561192777,14,2,1000,4.141246262186092,0.734083218948349,84069.50796541861,933.7176026625424,426583.10128946975,12954.860595042379,11951.846312248346,955.4393788501974,85074.11184989846,9566.893426741713,603.4018491290632
106,0.6275686157468875,0.03866053274439363,0.04127408981554285,14,11,300,0.5661902292037763,0.9939364795849338,84203.83699648957,380.5443933683853,433415.741447539,19849.32768245765,66184.10428501236,114.43917323780701,323189.2939355664,3670.528526816484,27.22667762319153
11,0.7243929286862649,0.16259166101337352,0.22888185350141924,13,3,300,1.914634373768949,0.9886848381556415,84345.50212893121,748.5027073998963,423497.1433829211,18444.204452234357,24060.151932716155,826.1432926666985,102229.5360578333,7209.697161967562,250.56097054084327
124,0.9657195226241996,0.05887554144507057,0.18295494265427606,11,2,300,2.0262404401384435,0.7989859575919562,85471.19147803975,553.7397402779328,421812.86885699513,18148.26381996719,43747.69718765256,1358.3535944726566,152165.76850198884,8452.983066614142,95.3730069754696
226,0.9902440803439659,0.320486038672666,0.2567441690903083,14,1,800,3.031854722166878,0.6556792098470119,86246.3092901995,984.3794824451397,431807.35311550734,13732.869304885693,12525.592459605634,1297.307578867647,85240.44785344326,9464.356016492626,588.5607173340442
222,0.7440545629886076,0.04382137338191927,0.2910873469093188,14,1,600,4.126430541164484,0.7118814153885917,86379.09799978854,793.2998251179044,425051.96185780904,14569.895003464675,12899.6659133741,836.3446134805364,85613.92770728563,9265.649546102353,569.6227528670531
192,0.7231719766364764,0.35234038136832335,0.0705560356368845,12,8,500,0.9417454188280072,0.8923317899483505,86869.6885131632,590.9370104382992,413163.01750344766,18716.176077427066,57370.53528986488,1321.8669350251994,232578.9787003117,7203.395759197439,51.418647349643365
288,0.751610850487639,0.4867286949880866,0.11105215055833097,14,6,500,0.5537422265947906,0.9038329640458527,88096.06411353957,707.2292692736422,416861.3007344825,16501.72391657445,32156.348410560764,1370.4999686115968,122027.82701313944,7428.04028559547,173.96165444148232
54,0.7190540698037243,0.04999244358093169,0.02604558902421067,14,19,800,1.7745259523136032,0.9827203540505826,88123.51463188366,489.40864328611167,434587.62162425416,18736.13461294466,69245.11678851175,523.5733089261055,325458.1602051768,5804.625967411719,27.263146802149627
180,0.8019379527572071,0.2716502616816442,0.1641987603426175,14,4,500,3.6262883020756824,0.7946675765698812,88312.11904584436,1043.882966466906,418726.472746815,15227.458717894928,25934.424150785515,808.7257607021352,104485.428310428,8114.509080531681,240.52084030240368
209,0.9623564419151042,0.38497235012583947,0.17699111738101517,10,4,500,3.6597903379281727,0.9404697043411083,88366.57018918362,689.2436703466284,422741.2381608686,18217.286966104475,48086.38800839291,2374.3842050415374,171259.73924556852,9031.25828319531,83.76628781883197
95,0.9731752268399818,0.4954647382286953,0.07150054301597117,8,3,300,3.7056032464502953,0.8297892452719647,89055.56157867929,717.204189065303,463255.8467316747,19188.620896013468,77213.76129854778,1201.7172456596468,370078.5218769719,8399.150630054452,15.336385743915626
88,0.6611436556737328,0.12297886419225407,0.0582044119778667,13,9,600,2.6225569478512734,0.7641587307958646,89453.92586715391,792.6644859322729,412946.14123306936,19136.46017197193,59342.452065247424,1190.1470372700433,236429.08149069094,7442.229583141793,50.741876605972934
65,0.6231455591030829,0.19726089930406493,0.042026819780765313,10,8,500,0.9406057986188066,0.7854793619759929,89757.9532701836,794.7480729516077,444274.10199775983,15705.558959873697,75087.34344659017,1165.9904032914249,345928.3304669061,8626.100321842921,19.538059478730506
217,0.6209355503146033,0.18923821174293454,0.11888328155379758,8,2,1000,1.667847747361002,0.8321900026866699,89768.77901935946,365.13710498367016,421549.2844873229,19386.014461215535,57983.89592680414,1460.967891049852,204459.07959168768,6610.963284178998,54.81674279472166
269,0.71287482987728,0.13085284186795298,0.08409363972159994,13,10,1000,2.144434394305193,0.9379157745144086,89805.45911709273,724.0088386244796,412200.87816548627,17858.609980243607,38210.97137437871,1434.276860257287,144008.79905972397,7947.485131283784,135.02532358365863
250,0.9386057354761113,0.4594632668197772,0.08567230605200847,10,8,1000,3.642453385808066,0.9105789785998899,89846.25992732414,913.6055213196644,417882.9796084179,19842.777194723254,56447.36493252462,1710.2814335093374,212425.61357892418,8025.852599906321,59.168209241872475
187,0.8827108867541783,0.08352095395047493,0.0602857648864953,14,11,900,1.7836602652000084,0.8134047701198782,90253.74379540041,690.4951305921878,411945.4940638044,18334.41124537695,46145.382620056684,884.0753565913654,174613.05335444413,6787.144793783899,95.58564404702199
109,0.8950004992438994,0.22610897044490358,0.07738144688199458,8,7,800,2.0946272475227397,0.96593836042724,90803.73741187305,1125.1247827475734,434621.6404917227,17028.466433170426,70993.18708483827,1781.3710865271394,300093.6175790187,9852.032265820362,27.904861213458098
134,0.8586659676468653,0.34658760572846237,0.025478741997613,12,17,500,2.839726152763147,0.9661953190352167,90979.00587312102,218.57206026232362,465826.1142443528,14445.379503039385,79255.5952761311,488.25230530172684,393964.34977943584,8127.046486405728,14.791902774996357
235,0.7664615992719046,0.2406720758176618,0.015757683046917006,10,10,500,0.9484742408733859,0.8475792772030886,91200.21271474981,580.3287308647558,485977.22475266317,13239.257361926502,83097.08840107218,380.13468246459655,430950.8160871894,6740.098583167215,9.751393784782802
117,0.6952731124186906,0.04972069637967258,0.08295165729983622,13,14,600,4.813246592774373,0.9777638902309094,91418.60827675844,406.06316261683156,415002.57894935046,18989.56086233588,59035.3948268202,827.0008386907426,236818.3811796791,5285.62391580531,54.85389493020942
152,0.8085041248721659,0.43408040202577347,0.08358565967660037,14,13,600,1.1934501565050875,0.9720361402038955,91656.77303442702,675.3159081721664,413068.20571859163,17578.26818453141,49233.770208409995,1311.3799826754564,189669.47011747878,8008.015392785597,86.16647200983694
165,0.7886129840410051,0.27161640289497907,0.05777372148377934,14,17,900,3.8829842639587087,0.9083687378576208,91806.25086045323,468.56216693267504,411589.08727165405,18872.587810513287,55334.17125294437,1311.1556887294555,218288.66721215844,7081.723916998388,65.91239876131363
156,0.6036289618610899,0.4093397102499209,0.04853461542795741,8,7,500,2.1612039194625616,0.9360486010964875,91972.41563768011,729.9178386638742,465079.98459033825,15189.533132382969,81327.12371880561,914.7704656907501,391676.5822544743,8134.664025863932,13.08947302216339
24,0.8165791895310264,0.3478921996725411,0.0785650065391899,14,17,500,4.981268498789621,0.9861677405155175,92074.30695124295,237.140963119081,418262.44090421434,20205.27865942526,62051.88629452902,675.9449904543543,256564.68001717902,6242.2318482298015,48.38276875937766
225,0.6847929963608954,0.40936750203713507,0.10675839335392455,8,2,600,3.4747554445123088,0.7384398906151142,92142.83425511439,233.32720984493494,431452.72628932534,20601.019365088414,70624.34922398673,1317.0995054609882,275929.9837733702,8480.565731544226,30.468932128324866
297,0.6442882373305262,0.2112742141559723,0.022607402551421588,13,14,500,4.831217053533991,0.6509815837691476,92324.89596454728,409.2927420267985,467200.8614868434,13421.37194844266,80976.9587893685,359.9518743197236,398622.99062238453,7117.954518878267,14.013785334537232
263,0.7736077464695501,0.044300214839808616,0.07618358581336337,14,13,300,2.10624026647036,0.8544709458832931,92339.95983170072,382.1485749764824,424117.9044999433,20138.393850621578,67658.20226182751,740.3033330772356,282803.32584475214,6834.374263574305,36.48006707946267
237,0.6438944794710014,0.2739797444868465,0.14631320036798826,9,4,500,1.6233796344502998,0.8949428309551198,92396.61194784282,717.3611331853091,420320.88185378263,20119.272136208063,61932.441802938294,1592.78640605585,224087.50536987404,7331.5069523864095,49.18935739985499
179,0.6122610008823224,0.12884144425560684,0.1487868870217949,10,5,800,3.676751493328763,0.9070895552267121,92495.49501241946,600.0648444676611,414439.50797953055,18896.984328772385,49294.79592400065,1706.6091356410107,167978.3110807856,7446.7359656049,87.63744382880232
259,0.7650487363394495,0.34780907324840343,0.010965479081283605,11,14,800,0.9065963996275261,0.7550694379001577,92947.4650277075,310.38489731190435,486759.8874679343,11665.868690239013,84415.17571341498,295.33983765974034,431971.2777523662,7325.768848018524,10.10753012380048
141,0.8950329206355565,0.11938857288415117,0.0431422339394184,13,18,800,3.57776657617121,0.8356434137883579,92997.49198829105,376.3616630268375,424874.30376158905,19199.706413255248,68725.063454595,896.1210394266631,288577.9930534942,6419.695954835065,35.31816096427798
268,0.6028116815254476,0.028640125538811678,0.07756711068054692,14,4,900,0.3447900817821059,0.6228218884605017,93103.61466286941,791.8052611625108,417895.4518684551,15422.361755658701,31656.71404889769,982.1532150584708,113061.93279805093,8505.789008372078,194.10384956271653
276,0.7938785148520188,0.08288727008163788,0.2937094441000847,14,2,500,2.311477805003036,0.7647062166338034,93722.6361093901,1128.515214308392,435114.55847497965,12783.935945842979,16508.18330772832,886.7509145974835,87756.81497942116,9397.518916215622,467.7344039759589
37,0.7351980627406143,0.187791476319972,0.0381945819522607,12,19,300,0.775208083638721,0.9927363553242124,93746.58754461199,338.3416716386484,472957.96400587173,13320.568559256231,82848.71872536263,141.3607637074995,407975.5616342533,6746.305411488792,13.15393766724986
128,0.71884868624927,0.2832023201484486,0.1528151206597299,13,5,300,1.3495561119609745,0.8159371115632774,93755.965906606,954.378263318984,418354.99223281816,19889.003487691443,46388.65713229335,995.3065402562538,156817.92149634744,6305.820402714028,102.10967875019175
286,0.9953663957648307,0.24267949157994356,0.04673016950768231,7,4,800,4.40963879152322,0.7709958751682461,93968.95540315179,992.1816607159568,468388.8213041203,15346.455831988014,82714.55313946902,1549.2043253085465,381459.13639564934,11134.559200170874,13.6063145317441
166,0.937913291246755,0.38051199547149944,0.19786609648942463,10,3,800,3.9826864548808816,0.7926089406050201,94058.18627418322,555.0863050334917,426085.7428985263,20663.263454862103,43041.449844209994,1860.3613950817137,137915.36278975065,9074.083165730144,118.52931677401682
223,0.9769548076408933,0.4366683308619239,0.058529263405632886,11,11,1000,2.8328768108570928,0.7564171052232698,94284.3083778335,412.1255398395386,420839.012406593,21037.272077122878,64784.96730608112,1063.894775411585,246179.2267024311,6548.676275681214,45.53423779992152
28,0.9977829850443283,0.08796262633867269,0.015422609084656261,10,16,800,1.8323439229142995,0.8976682092226249,94287.05654231035,329.9167949845042,486002.49612264737,12678.327658739818,85568.27528774917,372.5814119930129,429812.57561211026,7337.0022057223705,10.18926842365544
296,0.667632428142397,0.19487969371324604,0.12385087101241557,9,8,1000,1.9020027448520482,0.9907201314042637,94656.38735340776,720.141401971268,416616.16147669725,18017.249987988384,58601.269821567286,1404.3213386868556,209404.23964404454,6528.335323156011,61.52617109087104
150,0.7983502940315084,0.04052310795382397,0.07605496058494339,10,13,300,0.30758513119617525,0.9531625076549846,94810.13120574057,699.01981229373,452738.1287626088,16004.62458449314,79926.09430574116,809.8947129674664,360750.4009514721,8523.421957357406,18.622249753708118
183,0.695017329969551,0.4856975470208198,0.06429308581284693,10,6,900,2.1858269440841327,0.6389573570214209,94965.0612693208,726.6267138857178,421652.65168482624,19738.37584847542,67352.24121423055,1547.2057102171943,247968.86796343708,9248.647405226297,40.99762614767457
58,0.9467474821243366,0.41924038188199253,0.13782744251408233,13,10,300,4.1093002964517815,0.8824968908625985,95105.42007847466,847.8865279884366,416235.3558072218,18904.460010918036,60368.76943876804,1212.8946630737662,224062.9077542062,6522.92671612945,57.54076315062204
62,0.8724157708387636,0.11875323564623497,0.13006686786160745,6,1,1000,2.1816791580327797,0.9208436996106937,95145.23200349906,679.2493367598956,442259.76210748643,18261.274248657977,75363.25160935962,1616.8164300139927,290637.6890652023,9921.652258884655,26.248841407053412
211,0.9451188310172914,0.10836990004538782,0.038714366656048514,10,15,600,3.035470180443904,0.818678965085628,95536.4534404828,236.48642958730568,460705.2203793701,15682.00288605461,82630.40754742455,565.5545441359617,380250.26182432316,8322.324659502377,15.619003071782034
8,0.9314950036607718,0.17837666334679464,0.09428035290621423,14,15,900,0.3727532183988541,0.9947547746402069,95560.75452371435,657.2355471611788,416908.0228738257,15928.384947636665,38584.268622865195,894.7373762905515,145186.95010318243,7732.410598798358,147.6676581789208
55,0.8707079617697213,0.24126047482132124,0.1579076973315415,10,5,600,3.012204629505595,0.8214812209383203,95731.72715345013,485.52150359279074,419638.179173383,20285.568974816164,55800.99861980285,1506.1638453262194,185401.83826817744,7945.19510761099,71.55916474848989
92,0.8324952885690449,0.07718135763710116,0.15434203055644524,8,1,1000,1.683021390969603,0.6537658707755897,95930.75287589745,746.7827852196949,428227.436425656,17360.009750416622,58515.42574449984,2411.7895960002015,181414.80684279872,10863.867978249738,63.94096369522608
74,0.6851856646035643,0.06818573779338488,0.014363399700364578,11,18,500,3.183221608111413,0.8219262434168902,96223.38107310969,308.0805859711243,507211.1290053778,8659.317854319881,89307.89212325176,264.7533007639071,463460.0410687704,6230.480685224574,7.7434242209120985
127,0.6331194671700505,0.3015760547331941,0.08360473290439628,10,11,600,1.7783635823247457,0.8876183620736982,96312.01940639499,693.398050186821,428033.1928436663,18328.40728610575,72948.25200481778,1297.570539245793,285403.01944363926,8788.13740313434,32.02786462934599
147,0.9263332499962471,0.11222028591833033,0.07714528444678692,14,9,800,2.9004310391890558,0.6365947349591019,96474.00410357316,870.9436523171321,414242.4837050042,17955.800337747878,49283.12661845388,1231.548959071306,171631.86041899608,8071.437692548142,95.7546339347894
184,0.7620083196321286,0.2964591999158909,0.18382446980305023,9,2,1000,3.2606162276521893,0.7248592226785788,96600.75496824138,1237.1853157068224,424695.20505748555,16587.396524661082,50102.30118279002,2119.681442078042,153738.15959770684,9760.80774075224,92.80702220804069
114,0.6411925917325262,0.1671814056552411,0.03265100914116677,8,10,500,4.487152049094421,0.8106313866637175,96864.08760307073,552.9687278619048,496095.0435106447,11646.369472601218,89854.67335342306,718.5917399702572,447398.77653335145,8320.834767489754,7.800834378505517
102,0.7515286262227663,0.22850010964083917,0.19118736162175376,13,5,900,1.1462569761632073,0.8889010273572264,96926.00646236888,706.1420483221725,428498.33409896865,14099.293273362613,19892.980804477767,1184.5943666916,91226.21771050345,9155.629464171701,387.237219072526
278,0.9175958865472025,0.2486279651573441,0.11193324146856552,10,4,1000,3.7705384015808203,0.6071782714273967,97265.88310481445,938.2163306533882,420800.8407445142,20445.056368297428,56836.57547247888,1897.1587993295034,182255.15633890033,9948.662091262197,71.13255381107902
271,0.7260758084389436,0.38592886309081065,0.035927383228763946,7,11,800,0.639941042667932,0.9528542457128241,97336.60018618249,434.3606923468227,486001.9982890291,12206.882237131154,88822.07215320405,698.474458431932,427482.80755277124,9405.800138695695,9.586049758321579
51,0.9509888054108212,0.3675355219019429,0.25104427911545457,14,4,500,2.117354711540593,0.8274081134999833,97348.84147525097,1375.6169859760046,434080.4486744432,15058.625839756207,19913.79964609204,1391.153203368465,90717.58035624308,9600.817212847942,388.8511645458634
33,0.6301385024024513,0.15284850964359092,0.0672733093451038,6,3,500,2.784006312291751,0.9744619096643123,97357.75463138048,912.5150910227193,488195.3484386343,14983.273679752103,89277.98710323888,847.5256597809451,426398.7267129081,6816.056784051617,9.050122869367971
256,0.6752098938461665,0.1776922843428697,0.24513753534561916,9,4,1000,4.24023895565386,0.935985592112873,97679.92235673808,993.6335817374796,424137.785670859,18412.73629739409,45604.09513277889,2254.3570947405556,144175.9441098054,8256.395951149454,114.19112049551137
42,0.6625748170684344,0.12512144908229766,0.17476799941183616,14,8,900,1.3996694847297142,0.9819461122652776,97922.61748245508,902.2952725209674,423204.78412513365,13641.861158667716,17755.953295992582,939.5354390510563,90927.76024736097,8889.899162426498,451.4917495562216
242,0.615208739294982,0.3731036287409193,0.20771066026110424,8,3,300,4.7825069914974,0.8950033437836027,98026.70296265713,591.6756962743292,437861.1929238758,18954.40737513605,76892.40074031193,1410.7429599799405,294380.64253896615,7049.0202329137865,27.48555386340701
98,0.8159124247658532,0.21937233769416953,0.18324588127183772,6,1,500,2.717764305569943,0.9625888443858188,98208.2701438715,871.1007880346764,453731.68666369334,14095.762194809382,81719.4296197489,1660.1702461569291,326212.73271727,11661.577421124954,20.177380827114575
93,0.625349988189107,0.4949801161949726,0.10670615349241688,7,1,900,0.013554497071648353,0.6466784256566726,98214.89079569146,1054.7562679648445,442904.2196436853,13525.021007317366,69977.48142584173,1596.602400852188,240325.5863943179,10268.750725055683,40.35213727972502
282,0.7148551832338302,0.3964272095169197,0.18327800976434724,10,8,300,1.9798523633122744,0.9660360273628172,98606.68083591662,802.6400028169817,426574.765734673,20330.02959541124,69283.56608530505,1975.6239014484963,253140.4913923021,10294.459548249619,42.3233335225667
246,0.8575617014164523,0.26515106662457916,0.022585367029490877,7,10,900,0.6261678521641356,0.7897344439624856,98728.38204035324,670.7260151774161,500854.2130200237,11647.490472665973,91530.94194214379,691.9545749912609,450869.92187973764,8487.00270451976,7.863395640305892
176,0.9135330213675448,0.24045191572449243,0.02222623182774183,7,12,800,0.7977234005659417,0.9487134266368806,98903.84329569031,393.5631258812852,508204.09881256666,11328.236204782004,92383.14613430084,304.01130474611915,463561.3216467209,7102.04753686592,7.058319005406122
43,0.8951587666783074,0.27717702625570034,0.19351622387030568,12,3,800,2.8301860524703812,0.6634585790569963,98976.89681921958,1321.4080836805374,428547.11324722035,14627.343181293638,31738.539471880682,1785.1281297696164,106451.20211665575,9721.539609696036,211.85082384433568
281,0.7806787276926731,0.19869069524265826,0.03802239159258868,10,19,600,1.0188322956384455,0.8093318524778965,99098.3133939226,295.1002044135517,469346.0637935163,14346.329486659462,87236.91555639259,521.8608064005532,396540.7207731222,7680.2876719339565,13.596764353575107
284,0.6675416826710744,0.2535255519327205,0.1894337888107054,12,8,900,3.663176173504164,0.9281510029795893,99146.63510417861,1189.3270513800296,419913.9049771172,16496.678000475393,31863.499011622273,1826.9375012677713,113555.53319465452,8483.396799021,211.16053848328048
215,0.6906625608907953,0.17749815291596865,0.03082715282382801,6,2,800,4.001782539111808,0.6934848327641732,99429.28242174078,885.7619130945038,504744.06951748906,11292.952556621738,93001.86650186752,850.0059307378623,453247.72250751784,8940.80984940727,6.911061209448088
266,0.9762716980461362,0.12964837943288687,0.13889704382168053,8,5,900,2.308664068061911,0.7923624003012278,99447.81901738718,737.1037432740726,431705.7138247691,20642.700594357513,69646.36715373838,1650.0066134043864,238752.818811312,8961.488550035087,42.78967171089436
49,0.6858356478833496,0.18862954161398793,0.021688939693070088,7,3,300,3.278613176903711,0.754158648386226,99458.88490595634,696.5798575961275,530151.4019713822,9497.342042568844,95204.6666893009,146.09110234600797,495117.1283415014,6220.800004264043,4.468497569072971
7,0.9706635463175177,0.36363599792821044,0.1079622306417506,12,8,900,1.9433864484474102,0.7085396127095583,99724.82250577318,714.0702967199652,419608.3779693248,19135.16642588535,48196.85082367274,1765.9182951915861,154886.95986780772,9101.183515568693,106.91149069181832
64,0.9877210142476396,0.2615489220850744,0.19881959144057876,6,3,300,4.576271708345532,0.9834809629631385,99830.24983784759,1297.8216893696235,469578.55720181373,14552.415748604653,87962.98386220158,1405.897911835292,382498.806839194,9248.451214863684,13.491204430077852
13,0.6125716742746937,0.3182052056318902,0.104306794322898,9,5,900,2.6992054565083654,0.6812244898939077,99871.44014884644,327.3665777054701,423203.5703929583,21387.827178554133,68969.97188682332,1511.7422710661733,234148.09153219426,8934.814246516256,44.80423496870647
70,0.6535408475202532,0.0068359824134986424,0.032607718105738696,6,5,900,4.983184185369527,0.822172682241051,99947.1608603559,862.6710585259622,503348.9600184224,12835.605173914815,93542.90349373313,650.8043199775328,456459.0869526399,7915.8250773679965,6.846331605530942
142,0.7109062582787095,0.45516955102876716,0.023530203166096955,6,4,800,4.782078487797125,0.9191957288573533,99949.74485926202,705.8321707325671,520748.2693970888,9444.213135275993,94862.73724851552,672.1715365648502,480892.94364681916,7804.157619652169,5.362492964355292
260,0.7609308498746223,0.4371312353051189,0.16303291374964757,8,5,500,2.8074229397976187,0.8242640377664684,100163.81212712188,826.5316194545891,435636.2085972703,20103.35772719725,76158.83695817203,1600.4606777498489,278317.447563059,9391.573993108866,31.519618901394033
1,0.9464704583099741,0.3005575058716044,0.22242177333881366,11,2,800,4.692763545078751,0.6003115063364057,100420.69698796805,1441.7090745664132,430573.43769717123,17062.103036901397,38818.55488531496,2632.637040438402,118855.08315337927,10803.828942876278,158.69251775252758
12,0.9395655297064336,0.3608647605824366,0.08079547592468672,12,9,500,0.12709563372047594,0.6431565707973218,100775.29303511979,377.48209074708626,424942.6859441087,19343.549573886572,69122.10830594425,1252.6754992366323,244093.29918867932,8077.124867351841,45.79314130447825
81,0.919764159563617,0.3139501947454539,0.03452770958466157,6,4,300,0.42258503840340966,0.8389112329021722,100860.7918828173,1011.4113693661867,532573.3490492225,9415.786625013629,96306.47772392894,477.6335259925194,494940.1577198887,7731.0704204171125,4.728980092018009
19,0.9906459823330611,0.20551850665911564,0.019915219870164515,6,1,600,3.403527257773834,0.8123738333268545,100894.00157027435,412.15142253089806,534254.0746698651,10296.634493739666,96449.71147925434,545.0696969344938,494576.08881293255,3623.1042517882133,4.607883240766308
240,0.7012233731203138,0.3905852118934596,0.2575396587786111,12,2,600,2.2506221620987983,0.6907858777461456,101016.54829597438,799.709695281978,434272.1821888606,15911.177984388945,29667.45375495338,1233.384856846612,102073.16401440278,8754.386758976554,240.49618524848398
4,0.8430179407605753,0.08526206184364576,0.029515477895583855,9,14,500,1.9270825126995805,0.6063865008880857,101281.06335713564,524.157592414445,500863.3353828353,10117.704190691944,93744.27065602108,574.8563040210322,451314.57744843094,8693.665172076326,8.03973688031514
63,0.9911602675017084,0.2780025193212923,0.10680591648327509,11,11,800,0.3689828236769943,0.8215417137605283,101499.58921489918,704.638974986263,421290.52594278665,18048.217674740314,59811.5578602387,1435.9583497074877,197343.54764187554,7698.733459229919,69.6989559310136
173,0.8772775763290723,0.4107203640049332,0.022355048583781505,6,8,600,0.6210998336402968,0.9584885210740153,101560.25859549675,1128.041890638863,534624.5171510904,9985.579820049481,97061.95895210425,558.4576007530748,499775.77822937135,8135.189586044375,4.634462040491272
41,0.7734082950322968,0.3720213214995577,0.08525815820399835,10,9,800,2.044764722071349,0.6693177280283383,101696.36904887504,705.0554654691707,424594.59359861334,20181.432208239272,72841.21553939361,1813.165642109812,255390.92856852696,9982.89375758633,39.61377263655923
60,0.8832724782332799,0.24083349398205767,0.12339627703667633,12,10,500,1.6512626450954926,0.7737807377953085,101828.23904362916,547.9810082607655,420548.9562808289,19897.458100717202,61681.21704374438,1132.2757125171129,205813.49348003007,7177.059386503179,65.08792128957586
131,0.9197663515875917,0.3473482354272134,0.0916435411689888,7,12,600,1.5729827840470545,0.9229721007267044,102226.10668027133,738.7726731686686,466796.038664544,13689.824344670616,89352.77896372239,1365.9927233514222,383296.63370629726,10602.147884080223,14.407305364028545
219,0.9024653315580984,0.17378576211949104,0.2094735173461654,9,3,1000,1.1732104092772677,0.7597263663237233,102259.87746620884,837.2721268795351,435064.4941458681,21313.557260131576,50007.68932973969,2482.273358300026,147021.01094301688,10516.94756750278,104.4883073719518
9,0.908897907718663,0.0993578407670862,0.01165663513708072,8,17,600,3.9508777026560282,0.8423839899124046,102432.99953007774,306.054260193368,543163.1530041263,6530.835309239117,98470.90335004461,470.4072821913816,515259.45966800285,4959.946097592461,4.0236212375839076
119,0.6106128815495279,0.09071771754489866,0.18491246829090766,7,2,300,4.087217808692205,0.7367269406791503,102459.25899343751,1189.4038848179316,456145.36570007826,17744.424213240927,87546.45973538347,1235.2639093294583,347100.17204206355,7031.536302130857,17.03415455419812
228,0.6272689237541974,0.012905953474743492,0.05054988674644683,9,13,800,3.8836181523584634,0.648814020849758,102695.02122071975,673.418810129502,456228.539482115,15041.975170401647,88400.37560057298,956.8709743628298,367387.11134588864,9521.328558150488,16.170344891672727
154,0.930326700225905,0.0644349337367226,0.11053565627774256,12,18,800,2.780908675198785,0.9026543215139738,102738.87337852921,252.43783199266903,418651.9695809856,19968.594597503085,60371.96883189393,1493.8431076857169,206524.81104375925,7484.340552212091,70.17645004191624
52,0.8303698301032338,0.3658238776498201,0.04830691882673968,6,7,1000,2.809333460718868,0.695438743916136,102779.09257384326,788.5687277307277,488085.6794482114,13197.83470369916,94125.78706264473,1106.726500185759,425620.3073404655,11550.905560987689,9.193341996109305
185,0.7596183784548445,0.4289931269613529,0.012709121238865076,6,8,800,0.6543683035917491,0.9879284180314178,102803.84745251999,1013.7464535850436,546780.9079783988,8528.93422421214,99208.19241424733,393.0426969760832,518494.3027136076,7818.39649961436,3.6243529397843144
153,0.6423336375314336,0.34949536901979383,0.06676646193550176,10,11,900,4.35921763872616,0.6116989132138236,102813.7143918402,632.3320511120161,430970.73120532697,18861.552619247108,79687.26924715341,1196.591909776251,294772.8994381827,8105.392844719667,29.02150539624988
120,0.703769373372517,0.18984620408363345,0.18708848275444231,9,5,900,2.0470582609562022,0.8208188723407921,102976.43832780539,1187.7755461593254,425385.4794339174,19254.45011323663,58616.6433863311,1721.9456049311757,178799.43389063107,8155.788258854771,75.67781500060886
200,0.6058668228185055,0.2935308538505755,0.060533315542815894,7,14,300,1.898928900896149,0.9453334598287301,103276.66789053519,541.769181116494,519475.39176787,10934.78400122384,97438.49333700286,239.722587481637,480348.8919669799,7412.622041445704,5.991651095568873
61,0.7014728695492555,0.20260104339070856,0.1814419075615032,9,8,900,4.113951759383466,0.8976846627773192,103455.38746836239,1081.1080275998816,421376.4680063654,19471.383545795543,63280.2685749667,2062.042825371247,201033.52894058966,8125.441415241023,63.48759225919076
86,0.8947289901579651,0.2788711329752187,0.18596063039822772,8,10,300,1.6872341693595905,0.9598589588580049,103588.28245334578,860.3665920360587,449487.1180440784,16063.166857803746,85137.76159739505,1549.75946241237,334884.4002311628,9969.059939911467,21.67137179762928
267,0.7740721597021427,0.4686766471079322,0.22180570229920737,9,7,500,4.546950960041981,0.912085225372041,103685.61236218287,1012.1140222892121,421894.0022245603,18005.330022840095,69427.35080875369,1864.025236363422,227299.52853713243,7900.567390308202,49.344042591799074
35,0.9394679179698697,0.06831066572101441,0.2226732990730356,12,10,500,4.050566973395904,0.9468289274320415,103729.35574833122,1006.421800304674,424240.25655639917,16661.303156769878,45454.77292182635,1903.8490223696454,146313.77960831058,7588.073168006598,128.20344065237367
177,0.6876855949432177,0.48793262790956565,0.11106873753133205,13,19,800,2.7768177546881563,0.8876807113089056,103846.92104331858,312.50838643048536,413513.3228853708,19285.767781358147,56620.66900258791,934.845743171524,191513.4237444259,6155.161412886235,83.4081491311453
104,0.9633802245334513,0.29169589738306023,0.13025542502909196,13,18,300,1.280077659268311,0.8904382344249603,104296.02723570289,104.37105075289655,425934.62242127955,19133.365329113487,74172.4522258382,1239.1591180695884,270439.17882609036,9530.369589948868,40.61288808160914
155,0.7034753322791631,0.09656643229364653,0.03522946734039539,6,9,300,0.5792192839012883,0.7506781447947195,104303.79871022802,797.2227901202799,549531.9888495757,7275.688396647569,100923.946671249,630.5807330339451,522359.75774151384,7146.5359842791795,3.34890989745833
38,0.9355734008277453,0.4302023091558376,0.08507540815475921,11,15,1000,2.6854121359832774,0.7306604967184164,104377.6180754513,762.6319634397178,423240.1313304529,20561.168908204574,68951.71084946021,1427.8649180358634,234770.9659214526,8082.826614957109,51.37785094750613
198,0.9049140539106463,0.39890682442931724,0.1406749944438799,6,7,300,1.6419061394254053,0.8520834993316577,104399.60515844978,808.5991966445904,488972.100896895,14052.23985792471,95136.61505359058,1216.345776465193,426638.8988920843,9446.029474708837,9.736514274384621
138,0.89514230676261,0.2600840549393659,0.1380451169964593,7,3,500,4.951706566708886,0.6000950094303538,104435.70235027543,760.0653780044407,453870.16483417334,16184.78441113927,88543.78890649641,1512.9375226417358,341117.00183369644,10729.580966669517,17.948083812588056
135,0.6135783914343195,0.34871013362341996,0.09920470221176522,13,18,600,4.721332445567169,0.7896856866629856,104529.27306403617,333.2551588021388,417733.7162116025,20034.04281768659,68939.94405129035,1248.5898496073346,240393.9962875678,6017.571200974088,51.62366970629952
234,0.7416944961779098,0.26275231098432,0.1544904539604587,12,5,900,3.846524468206699,0.6044125057714589,104959.06072816293,1163.8201381942797,422891.3285444985,16338.542325356831,43472.04459928245,1985.6975853970248,132671.16591175887,9182.835416234431,141.4403594209953
196,0.663714978097122,0.3024769613452704,0.10543346608543584,6,9,300,4.353767251686296,0.9129541936233094,104994.04035497301,813.3230532144645,513042.992498149,11679.083626195204,98380.93788724451,670.1177244297032,467643.72131912893,9656.552916510527,6.721934766781601
77,0.9920130301141908,0.2463090469964348,0.10862548308625246,8,15,300,2.30059579491786,0.8339064423796615,105131.2383509428,482.26460349963077,477703.11189054017,15137.50919872063,93782.76488439487,877.8434153048344,407938.4734890167,9884.617489798517,12.100809227086762
231,0.8780140915434212,0.4918394626317068,0.08175403126477768,8,9,800,1.5163757378379779,0.6404183244042586,105292.51860743604,574.322951285005,448426.34149942576,17912.318776148033,87085.38344366533,1308.1381215910742,332199.91941850365,9455.099302929977,20.907222824078996
227,0.9593046509170824,0.41466620257064185,0.1052594343630211,8,9,1000,0.7318699608112456,0.7470137689166125,105359.8587025428,685.8918562574521,437293.9619477926,20320.812095252975,80065.70935205188,1446.617522532242,281002.80981582124,8575.844409072712,31.591738279956537
48,0.9244816706944012,0.4103197378719777,0.19778190103047186,6,1,500,1.033421799383727,0.7095844509284535,105372.54803239221,1137.585296125831,464482.8650756141,17432.012262634184,86677.52375053936,2143.8527622879765,317051.02700912964,13039.795125886047,21.568479892962465
252,0.6367483550840178,0.48256487106349827,0.1565182390194819,12,12,900,2.067082246476307,0.9032740044306149,105394.05402536721,797.0321428077953,419978.54953720275,17816.740089815747,43901.3058936331,1512.4644314407703,141357.42618868584,7528.452513023264,140.0704304348547
265,0.7448941766609154,0.16725564437096607,0.017859012559619438,6,13,1000,2.5903938311940773,0.7194902294355092,105533.32886016996,780.4988038221044,541634.7400817289,7695.167986073954,101328.85658215568,516.8127162236623,512251.0601956038,7789.260949239853,4.149333585547144
45,0.6391336642604005,0.24580793755841618,0.15204153123416972,6,5,500,3.0792504902610824,0.8540374603470575,105551.14252247791,442.993378088393,470227.70946041733,13998.700944147216,92665.40512678458,1231.1358824444592,381283.7514081474,11427.014331088976,13.905661317795026
264,0.9142606472320928,0.05916809546169366,0.13297146690888648,12,9,500,2.938846804310991,0.6737905012534557,105554.05430756159,680.4558501436882,422170.0739728569,20727.155955781647,64530.059334488935,1365.9151551478988,206776.39813049068,7768.761062030046,63.573465445656026
87,0.8430220889174291,0.12217657773232726,0.15947430935468207,11,5,300,1.1861339586799724,0.6407129890481614,105597.08797807882,1593.9056283630994,429072.96074870805,18892.572386296088,69934.6883305218,1777.2750694388837,223533.10664100145,5689.507238837604,50.99386370181729
248,0.6898462447375407,0.18608351191875666,0.1396230648832588,14,18,1000,1.3689565375705326,0.9713270131394308,105710.19958266943,568.9967789359721,419400.15631218767,16178.275159719618,34217.474469734676,1348.3933995757354,123295.76776698651,7606.570592769559,208.9363000070914
118,0.6564327395110854,0.203196154136761,0.10719701833203987,7,7,500,0.4275426542723404,0.6831545020584109,105834.11578961993,1155.8413831341254,465551.1226757407,13033.425889386932,92012.64134046315,1722.7644482774992,371298.3481671738,12086.55696310963,15.021277780750664
291,0.6765041671658347,0.3068887094078495,0.1406516363194478,11,17,900,4.030979405018954,0.9374949305626897,105956.69608222849,670.0846358433747,418382.0019526424,19627.55037685383,60435.23303598858,1574.9129206429463,197616.13871224326,7575.367632528584,75.32272278843092
204,0.6788616506291509,0.23959161472179996,0.06836749695559029,9,16,900,1.4243645098096143,0.7229159859705147,106015.37883221847,361.6695754405131,443213.01085674245,15846.334241731267,86977.86529494828,1193.0306375208895,331172.75264613464,9975.780140405797,21.887768195635292
254,0.6640286539818292,0.23077873720989495,0.012799485948127989,6,12,900,4.407253898375107,0.7111608388995472,106146.68385554249,574.479934498661,561146.443250089,8360.451932931572,103074.65322430355,414.2261907448062,537802.2934290167,6792.49612661375,2.9803938554649356
20,0.7791132658292367,0.276446544535664,0.18780901716381806,12,11,600,1.2107996913871295,0.9212559025519583,106196.79352559098,1400.1398899267965,422194.38209902536,17450.850250546908,47382.814786312745,1906.8927972235672,148062.7404606337,7694.413987964117,124.12512638710429
243,0.7413005634008256,0.1482677906438276,0.11491096892375485,8,7,600,0.9259778393373397,0.6696437341336338,106417.80197438836,842.4074104044918,443970.030791896,17741.103384285405,85541.93372983446,1736.3446753711905,312567.31814648275,10312.775014870782,24.40425103141317
283,0.813211546898456,0.078977411417674,0.21876973545064074,7,7,600,1.8155036831700522,0.9588745363858475,106419.31800485036,831.682034294113,440747.55790204945,17851.277004570104,81486.0018434259,1777.9926561474158,286814.07484038715,10947.867939036632,30.59828141934542
44,0.6480658591222569,0.1709398333582008,0.037539719744032564,6,14,1000,3.5182892969001185,0.78966953163493,106538.62469124307,1009.9708009274086,513890.2516681687,9047.609497960078,100043.78105520488,983.1718615738597,470979.3103972646,9783.693821650735,6.492001369334788
145,0.7536362445964998,0.018365968713306813,0.2971810788949977,13,6,900,0.28921338281698183,0.9876410520563246,106817.82490267315,1428.6997348726895,435890.3140042259,12160.257161812926,12549.792917534185,1099.126329180394,84750.12691223022,9273.143008121673,751.1520915491009
18,0.9849789179768444,0.12589114791268208,0.15917455176771564,6,5,300,4.98870242524471,0.706712405710114,106884.38328548071,301.43254015200347,488695.4258026611,14365.468612291383,97571.12247175949,883.4779337456542,421952.15445771156,10492.835652011037,9.545099592778383
258,0.8008200853953789,0.06235702845569524,0.12561276491420853,9,10,1000,2.9652216709339205,0.7566102792711318,107249.75978694153,1160.7128775751646,427424.33313593705,20724.320478966845,73632.95487068947,1717.9679617058937,238784.24266171953,7814.783261424723,45.65456455643837
15,0.782613828193164,0.1092202186084168,0.13495298436110986,12,7,1000,0.5502596226383838,0.6911740650167767,107271.6497025941,1439.637998777388,427216.701699161,15935.629921753678,42753.2420344305,1626.390836476824,129171.81428548311,8835.91025680473,150.90880737466637
21,0.7881202537784153,0.4917115704474215,0.12964733273336593,6,9,800,2.5409938837035932,0.8783251227163527,107533.17034129672,472.2017420200865,466030.6871931033,14928.608958565208,93592.03817656415,1285.9084411766007,373431.60756464646,10593.429807485027,14.895639026935402
67,0.7238110465145311,0.40689750985347434,0.21541935176616378,8,6,500,2.083195288692396,0.8324650484723305,107670.39163184538,948.6678788428608,436561.5008869302,18984.7936063317,79215.46402897735,1823.490009709255,263343.552002282,9384.023736120616,35.920925228007384
96,0.9367315107033088,0.06988618831314475,0.24858019355796707,8,5,900,1.1784587303249987,0.8535034254880709,108167.47209633839,1618.0098241234493,434267.5906797126,18905.08154456976,65137.19910930772,2720.373783277135,193104.52350597724,9562.397014999724,66.0609813983879
238,0.7904072517475066,0.18794414257288466,0.1283428835710106,11,10,900,4.781110953244742,0.6532580016712387,108233.70813758842,1125.4980605676376,418850.90703433583,18344.849934514936,63547.67587078906,1840.7075084689122,195278.29587031738,8372.267862656767,70.31890884201503
130,0.7406160644536876,0.20639677530337613,0.2214776649066859,13,10,300,1.232010166195534,0.9276409270696799,108269.68133127295,803.7699945438765,424044.0239368121,19826.13022094371,53989.83471280505,2126.526868004055,166544.91128230107,7555.014750424717,100.53716020285215
262,0.8983700835254698,0.49098459522307264,0.07295259845692281,9,19,900,0.7372626335314197,0.7312771014437246,108514.11088641011,388.47151103335136,445733.24556106795,16439.15018854526,88579.03326012094,1507.566632410054,332113.0179598003,10921.452443970367,22.505413406068552
101,0.8975785170290708,0.01676621736788969,0.18096690546139496,10,10,300,0.5145801537207251,0.8145925405938379,108940.9539497303,798.0079645652221,433959.7373611441,19293.680106526313,79734.387480124,1632.8161459997143,271304.03575183824,7144.0988442054,36.629824837980784
255,0.6775815469071099,0.43990824297096937,0.2072680938334069,14,10,900,3.665356480148374,0.8463941801040716,109034.45425939886,1172.911673274157,428096.3431571016,14877.351432977679,24728.26667859363,1321.9672517334134,98426.00538677919,9346.604186700377,340.9304367207672
232,0.8768645366776527,0.031145899065031346,0.16282663844493692,12,8,300,1.1632276928134049,0.6883210519142556,109042.83380784238,1157.1247869810295,425420.5421063835,16805.001752857253,70489.83582515364,1197.0302595479243,222141.3363026975,5409.075450253028,54.69298875701376
97,0.9631464521850064,0.1580982911482473,0.18649200273851702,7,8,1000,4.498337226460865,0.849640617672735,109230.95191682801,1082.431959527918,440144.4672169937,20046.99555767126,83052.12518802036,1741.8336036435703,280640.77617402375,8708.606182429807,31.520959481219556
251,0.8624647350724286,0.08871438473485344,0.1735080756690815,14,13,500,0.5397185732323218,0.8741192064463493,109234.44861279428,1102.3949939915547,424380.4179215016,16299.452441286665,44529.71639863792,1429.4038656800003,141553.44871306265,7707.500878109785,145.3068589858245
205,0.9212103591330654,0.26958063833762724,0.10339230974680108,9,18,500,1.3631200036676687,0.7654196406101406,109301.07993781805,302.66241039956947,452570.9034386622,16077.139110075323,91824.1436102545,1037.2635598133886,350509.82327813323,10280.788456450779,19.033051265627932
272,0.7573791386254366,0.4139341876610864,0.2463139046583126,14,5,500,4.897754201908785,0.6579860289519268,109405.42910701963,1115.7157712953383,428028.78850023955,14757.667279120085,33123.01842969428,958.3563958306842,109784.37171813285,8046.133025506678,230.3002995914748
290,0.6695046372542975,0.3560070101653904,0.2577934638124245,6,3,800,4.526799371389352,0.8958685202907055,109438.35289079214,164.78807985745826,445689.66916208906,18768.59594625119,88149.29882560961,1153.835482853551,302771.9205443467,9743.16958262126,24.151132622506477
287,0.6648933623129917,0.00630375998787952,0.1779267050915148,6,4,300,4.1147922311074305,0.6839011790734726,109574.5687390191,459.5387250293979,487818.40774257685,14087.694917900384,99471.64555310023,1101.8522927596737,413586.9191635561,10662.71549316561,10.156585959489028
76,0.8790567485973853,0.39823588783693864,0.14780404238385172,6,10,300,1.2912219414947916,0.7836543024953045,109598.95889846257,820.0519333869905,499216.4493314665,13298.120694294765,100745.15209463915,1338.8636655656378,440714.367669142,13071.91343057669,8.788320449907339
133,0.8928899545638245,0.40328057393072486,0.20763501001321522,11,16,1000,4.902884000899941,0.96134552505441,109894.79248327551,509.34958401550995,423315.36889328604,16958.329320177636,47150.75092352318,1865.6375555662078,147169.8067431655,7909.309154765026,133.07113954880782
89,0.9929514467634426,0.05601945108402617,0.1293566797137225,9,15,1000,4.875335814725712,0.7962995117035138,109915.6157899155,1046.6027698228454,429609.00616207795,20224.18435912771,78245.40720760832,1964.5456978923123,258412.1724271234,9108.744778473283,40.475485670713795
136,0.9448170603957253,0.4222746992675352,0.10573014197297669,12,17,1000,2.981349392410265,0.6920035349150813,110163.97386536484,649.1849913016683,421100.2040132146,19738.749395067774,63803.19584017279,1120.2822190551192,201373.65298953172,7064.425667003183,72.66215651850096
280,0.8210054459130901,0.04707595506284895,0.11309895778273091,6,10,800,3.9917209411216414,0.748773067166746,110244.5837467225,604.3354151603817,475859.852151921,15258.739737714386,98179.70367017081,1238.5780186038808,396513.25687900564,11317.967387305664,12.288568436795222
122,0.9578208907576365,0.3999276279736576,0.13756405134077004,8,17,1000,3.7084347211433277,0.8795383412643618,110721.14888158448,1043.2808240096244,436517.3716652393,18326.799699746425,84869.23823412768,1548.3777468716294,293487.3179786882,7996.8318480490025,30.460872732402123
273,0.8900622910204459,0.0955953507323945,0.11147893159970451,8,12,300,0.9150772211736358,0.6088140641190016,110950.11933913086,398.00517040988103,481521.54331056663,12759.824442780093,98742.77529793174,662.4128977577057,405366.709999841,8943.83948963422,12.362771862920097
22,0.943343521925488,0.16297945260094238,0.07607231426966449,8,19,800,3.2258639520472494,0.6697465716019966,111308.57200372238,502.60697049903723,465381.6657655733,15569.092439041035,97050.87193406357,1299.8561677926568,380429.23527522595,10600.553577470595,14.690955151176288
17,0.6479461469334731,0.16880758570181398,0.29287291117375575,11,9,800,1.81814801189647,0.9887128330883843,111576.49796710849,1538.3425496403595,431086.3436338652,13702.956050434848,36217.03749393253,1415.053866108337,116271.09023006249,7532.906467679902,208.07737376587193
298,0.8830753305322474,0.4863881614460429,0.25781171549997156,8,9,800,0.0900327780022725,0.9851241428296104,111815.4258670312,1436.2421057283032,433828.070096724,17504.824729816683,68303.6500569461,1912.1987769738678,206595.27460331155,8076.416994848963,63.703441578610324
112,0.7707155621346997,0.3998910110371347,0.11481609971479989,6,13,900,2.360334725549996,0.8259364533050466,112063.84820081666,745.1263580308454,474226.58446475555,14059.021656055837,98918.08137584846,1683.383209478411,392878.686302804,11691.781290441915,13.28954892990659
85,0.956210912295958,0.29679622677702433,0.21373069574334688,8,9,900,2.397910508771251,0.8336797938856677,112617.8544124406,1149.4849251486028,432057.4912111792,19219.13416632449,76491.3203057527,1986.4200092769556,235326.39129915173,8898.471423905043,47.22958626192118
137,0.6482267543109115,0.03847660081460458,0.21888663276344192,13,12,300,2.6920074519039376,0.8646620700322165,112716.6621585713,788.2263983820962,422651.91841851984,18297.867130172566,63392.68540164052,1659.568104954593,193421.37820521984,6897.07660178266,77.80704736583748
113,0.6262834557713409,0.3877638083475053,0.14598665042440828,7,17,500,2.4850597441062448,0.9061425124264962,112730.24642704206,165.83476513798152,471523.31226386223,14202.490899392262,99013.30048568155,579.6557191037554,390885.5308108758,8574.879411164127,13.85363973736451
26,0.954834569706047,0.38993777292881193,0.20260949384628632,6,8,800,4.492770942635397,0.842571623863836,112748.23189315201,1101.6956412840516,458537.8503829713,16880.95053871829,95339.24599188824,1610.8200078169202,346017.3655215821,11024.079055817634,18.26004151820646
53,0.8719379119600983,0.36995438022368726,0.08147084572119383,6,17,1000,2.4828059534153883,0.7558472344876814,112842.88474191814,617.9338910791481,487724.7982623573,13733.538037664137,102420.25305281235,994.108192849425,422089.94429907325,10511.056617316499,10.176338544810504
105,0.8371851621035287,0.051106332112599795,0.28562515667822397,10,5,500,3.85623334259869,0.7497741478881688,112844.29281221656,946.6305115769912,432545.22083380836,18429.220302909653,61136.10486919496,2446.80931768525,171047.0114180629,9206.887568510303,84.57880667022366
174,0.8379106549507744,0.308302290931237,0.19388325245968177,14,18,800,4.354845618730428,0.8856347728529711,112853.9860627908,693.494064347422,424320.1008718834,15583.012788379681,35871.99608265265,1157.801151873779,120977.93415654411,7995.073251006657,214.60191343343143
292,0.7015899498288098,0.015557799958678842,0.23178842054943197,7,2,600,3.4316359834304873,0.6278564592649623,113246.43453810418,672.4934521566603,444376.0153637735,20355.931290367604,88051.2198010387,1647.5405224477904,278268.9917269834,11221.889272681117,28.614271095842646
169,0.87218265054373,0.19777254193998434,0.302409955561207,11,11,900,3.7852963380561166,0.9810594552154868,113308.547277976,1273.207366497919,432479.1821542513,16181.434916556873,34712.9819495843,1864.035267743051,113411.4322503034,7696.110733497512,226.41548180026905
157,0.7568604845780786,0.0897486617119167,0.23610965021515576,11,4,800,3.439428611504067,0.6271348236420687,113487.10281632445,1338.720666567621,434277.74468616006,16028.498944402305,46671.46320055859,2262.8782217992566,130560.09775604075,9110.11424867014,143.1616560394579
294,0.744151127972139,0.034252703313489785,0.2389465873776668,10,14,800,4.691524092242413,0.9484817929052208,113578.91519956723,697.5121390441356,426407.51575445844,18159.725431396437,60714.31208311621,2271.777346592152,181143.79406990917,8847.72568735723,87.07107319948028
72,0.842469853780352,0.11432140275173136,0.21151020532175702,7,8,500,2.4908259332294644,0.7904842787156057,113615.41579247726,956.6631950530812,455703.513903802,17369.686360838794,92910.93660776321,1783.6673570637881,328562.61208660627,10211.64518986289,22.284221794169355
188,0.9127161319380117,0.3526927970561018,0.14391059395377567,11,12,600,0.5595980969886394,0.7078998446067959,113759.43513364535,689.9403284720803,427077.24881331617,20558.686962812433,72251.64971422717,1879.500241855507,218521.68148522836,9289.750734482606,57.44891027899233
233,0.6695010382649178,0.32786183628082816,0.2644047655748204,7,5,800,2.023992145425999,0.8616303181487992,113779.49644538626,1274.0113892548309,441445.15888172697,21470.50378295423,81798.41073070478,2199.5623708010135,254035.51014788388,11187.797628207172,39.09744141603071
140,0.6150387092825044,0.23989066342825238,0.18422716216819832,14,10,1000,2.088833910836669,0.768542800910828,113976.04672619014,643.2825800966564,427741.7251368121,14342.180192230904,28514.608077017347,1309.0886197613295,102933.81198433426,9185.436659943547,299.71107587501564
39,0.9311476015150355,0.13577145790987094,0.29957554911723094,12,4,1000,0.2584086058430385,0.8125418526272592,114260.55625513078,1784.4541272764825,450977.75947739044,15766.665510359288,24733.360341301235,1986.240354124782,93122.51029743912,9615.985670657443,361.96939954144324
168,0.8606077867209059,0.16296273197603744,0.18707918166568674,13,11,900,0.7479032133378288,0.785839438654324,114522.76296291653,1225.8398209839283,431156.3951008984,15145.60031067213,36061.67105584229,1732.9516712479315,114517.2565741738,9134.578118267795,217.57475349818236
91,0.7294716945616975,0.2127182193082084,0.1622831136053365,6,12,300,3.0531002122081627,0.7154522212961023,114785.61021803699,470.20570163727575,506196.5855398253,12012.60215259844,106084.17023270292,684.6575251495074,451483.64109227847,9027.723283947082,8.202392464631503
116,0.6784452398773811,0.2527539395530169,0.18851469391012618,14,15,900,0.8927233102716681,0.8610984431407498,115582.44962492718,934.2709140347665,427326.5214745284,15851.568502273689,32318.73082985172,1180.8544734457598,110797.49118209218,8630.678094949277,257.6330092707959
207,0.985170750095032,0.24177282335996236,0.2517977649325474,6,12,900,3.1657568779701117,0.9805613368826628,115894.67248363634,1077.9802370917241,452688.21110210073,15933.903578256066,93277.0898899156,1610.0732608645271,321979.94024882535,11102.140396527851,24.247736095126584
71,0.9075949660722042,0.472382864941214,0.2648942172032234,6,14,300,0.6457970757574749,0.981620410903489,116544.07413669546,579.165767758584,486134.9789239603,15248.064681228509,103724.75381898117,685.6459176740079,410278.18250694935,9497.58514271839,12.358978783489194
244,0.6393582598853589,0.33015135985066907,0.23931179866652078,11,15,800,4.494504120031177,0.9129939698255751,116832.46411847977,1091.1869452076814,425225.81780893117,17959.806158902637,54627.90508855896,1662.5256317565045,159540.96267611752,6957.249857306859,113.86956708129135
175,0.9206912332279167,0.16972509627140303,0.25444753412395366,12,11,800,2.7650072629597924,0.838990345052772,117097.21909822716,908.1789915116403,432127.6191674327,15414.54891588752,39438.77108218771,1729.3020067666232,119409.25669947239,8511.7429484887,196.90889417980225
172,0.95301339432784,0.04125426722021064,0.2573542140690501,11,7,500,4.887331931573929,0.6803436359449176,117141.97185244535,1452.3533721062645,431463.5502716731,17247.163420843484,62000.77075966777,2701.208384239158,171395.85990792097,10992.343879585027,88.93631549601247
181,0.9493692952326642,0.45035093200562926,0.13651627806203662,8,19,500,4.561816728083455,0.6842648756022667,117531.68909742434,942.0638946015811,466155.58114419953,14923.167769899988,101765.38482655193,1260.9212112399705,375271.35169048264,10046.3562900097,15.49279678718296
257,0.9330721877388173,0.005515807131232897,0.23486364534066648,10,11,600,4.209851857483543,0.7881276216407143,117544.96631664324,1157.5648555394882,430348.92243732436,19617.03420593751,70150.88696901005,1449.6157153453366,201497.46498394862,6952.620639813011,67.56019972857943
247,0.6455826538857269,0.24300775148876996,0.28608915436582233,7,11,500,1.691337529972492,0.9712334561304199,117691.34271032565,1014.0785610618767,446659.7876176822,19037.145752110322,92944.36125583875,1579.5918873365456,310617.8513023697,8836.628321860691,26.62558666293733
132,0.9848395143056471,0.39500677939592804,0.21716806973369218,6,15,800,2.7095047368917906,0.9491783343505633,117779.393284829,408.05850323931156,463282.48013453843,16098.737771530528,99508.90927202773,1413.2914005112368,357700.4202532833,11113.729581159077,18.360651469764598
94,0.7892664804207569,0.3030509405279193,0.24828683498993873,6,5,1000,3.7298726277435907,0.7634073171743667,117994.6513483235,1014.6008584396534,450429.74257471313,20170.760101035044,94628.44172719773,2166.633092041154,306501.16557220166,10749.153900154186,24.692586282343854
29,0.8883759697008518,0.1540303959261946,0.1727620691664698,8,14,1000,4.865052773762228,0.7572390898667042,118002.45767534932,1074.3548316098058,438277.89226887777,19597.75788892247,87347.29781506241,2039.5176921161806,274151.7723189403,9661.812030256393,35.095716326785606
197,0.8268065043946671,0.36922460462566326,0.2735546683904044,11,14,800,3.3379669278179236,0.9231383767765035,118045.4858453009,1291.983263139348,431356.832264496,17448.090321786793,49048.3909090013,2044.1176901503397,141778.20208774853,7491.294327945383,140.67147496093972
190,0.6413235828496062,0.29233535022129437,0.21646235975997863,9,18,600,0.02469990467204808,0.9807247141692956,118074.55976811495,514.8203883186643,431368.74133278726,19427.751942227656,83297.3860121653,1304.578060644243,260776.15047476153,6991.7472466721465,41.750618381794794
30,0.9568186220708453,0.31556931299863145,0.24844339106249452,6,15,300,0.9762149389902225,0.888980846104602,118174.63019710623,746.5521711292167,491240.34349900676,15445.900517674077,106409.73135554674,779.2163549024791,420956.9386458126,7753.218330496712,11.056224549848226
220,0.660966405332167,0.4962417510791876,0.28810029037728857,6,6,1000,0.4456221605800831,0.9021081681987232,118926.73683682935,1874.3566729547622,450541.3379166027,19842.14699144854,90973.82255426573,2165.570282742042,287994.22763537214,10111.058672321571,30.726327088091466
100,0.8480291023714054,0.26673054598816076,0.27816777491528727,9,6,300,1.5586103389777413,0.6993956559257863,118975.83493865567,1586.2541590479186,445879.37799919787,20659.43723886292,85845.58507988222,2000.514011099636,258297.9047996082,7350.502524763893,38.59284065446653
245,0.691136967017244,0.4879954247993962,0.21020511941392853,8,17,800,3.075064840194333,0.9098535122551152,119003.75624721397,669.0272832815778,436220.0387501604,20430.92233839585,88392.9604915938,1353.3881018312923,277937.45546667284,8420.672855146602,34.63035470854183
6,0.8650089137415928,0.15585553804470548,0.16602040635334325,9,18,500,2.248770666848828,0.7580600944007257,119067.90715747263,569.1246133464514,445426.70604895236,19403.1861252603,93823.82648858125,1243.098294386976,312284.64158307615,9506.581085749556,26.905831507483533
193,0.6624655379168696,0.11728064666741433,0.2990040498461197,7,1,500,1.8714838356989634,0.6070063963448249,119216.21527343169,987.240739155955,453272.40856758546,20571.018805173466,88777.68764042888,659.2058278697351,259901.54080375284,6907.511403030183,34.28623615010815
84,0.8949620824375276,0.09114193923797903,0.1791895276056509,6,7,1000,1.6374867608895731,0.6479048527277005,119785.1912289693,552.6034233402335,462387.7359820567,16228.82565569728,100258.30169623981,1577.4688274554176,340789.09130532964,11572.889284988838,19.476581193138088
160,0.6088494206115989,0.16180510957477062,0.15659295712139973,8,11,500,0.005147399228166982,0.6635753133107026,119959.48961641612,560.4364508079758,455172.9508901909,17063.64429492295,98371.93822558236,1333.5189621762247,332251.57645906514,11029.800753142274,21.94482672622562
115,0.9202999085944484,0.4894657178079806,0.2619366578369712,12,8,300,2.758612976296699,0.7015554256173218,120038.92028993629,2022.3698425846794,431422.12285670196,16724.677892729283,67467.83935608227,1367.701361602098,186120.6575481821,7226.805617933952,77.92020825862522
159,0.9486147224609505,0.48674448458869846,0.3006633565857074,9,3,800,3.791315979645113,0.6098347665835205,120045.52587681396,1039.0385796207966,442064.18292435055,18515.141150270643,64481.70739913191,3293.862936542496,166353.95032102245,11681.69446727598,86.16989332145084
224,0.8004611996728039,0.19858938871460552,0.17191978562798285,8,10,1000,3.6071103366436583,0.6565112197102023,120149.68019226957,1112.5397486522083,437765.15369918477,18800.478752927233,88056.94252781801,2310.179071454016,266270.4492239015,11275.156226514748,36.44543717187678
202,0.8134410186907514,0.3039525463967223,0.23946497846263848,11,14,500,3.577454535496372,0.8084936529941338,120581.38156390446,1499.8523735156823,428713.92199309537,18052.873936215416,70527.16935641032,1585.7456817031957,200217.71507715827,6334.441469304393,70.97153148816207
32,0.9533976089065036,0.37385938694870696,0.29592155410718596,6,14,900,2.8614623458541915,0.9921326334864182,120705.22780562732,669.2646849037319,448853.8972263416,16650.41782908849,95215.82829980196,1318.9212508471126,313552.2220748423,8879.567503637387,26.770128413490248
111,0.7658496494908095,0.04267483403932193,0.3090622755537842,6,7,300,1.5496846313430546,0.7589272461830392,120753.14490199774,1727.6857694993728,478799.58661142614,17769.850285817636,105618.73862983681,1865.8648819521372,386045.82792000077,7675.362461372751,14.329281402614225
3,0.7168578594140873,0.18318092164684585,0.14682099526511078,8,12,800,2.9620728443102124,0.6185801650879991,120806.08322432758,488.22358964554434,444668.1369812563,18457.120018226742,95872.7512798691,1285.129168700868,308219.2733408927,10060.195304683477,26.006692841925204
16,0.7708431154505025,0.40900738296124656,0.268219174976903,12,6,600,2.087055015743895,0.6888431241882921,120896.07866895637,587.8863078624959,438867.60639577097,17305.884605936524,45673.391107937285,2155.4378090509094,125422.51502141143,9151.917105416931,164.69696192089097
236,0.7294001579645895,0.41715168297738375,0.19878964180322087,10,18,900,4.797883221605167,0.795141617570545,121113.5123512699,819.6831303416168,426604.74690353806,17652.929096925844,73783.0928926582,1559.6708854409383,211598.7681135838,7416.264912521881,64.1480556087143
75,0.6364008364205321,0.36319851632511413,0.17423389206973347,6,15,800,1.4897972577097525,0.8094409104060045,121117.11217053479,564.2514153908046,471198.87547962304,15796.766756603476,105809.5479411789,1167.8191146545144,382660.41046709527,10371.776237241133,14.467091606766513
164,0.728297096175251,0.3622113363070585,0.2337511036092893,8,17,300,3.5746202010112382,0.8251001145373531,121288.19260183357,1026.9329892728074,462536.3946666329,18007.64831569051,103408.3007732561,1433.1895440368476,363955.56615898426,6442.53100127123,17.290576960337845
47,0.8569677112825262,0.013255655270810907,0.185732674382039,9,12,500,2.8668352083596664,0.651400141293564,121480.9325328339,472.29965345147315,440534.3101723623,19638.4296292221,93049.36496799965,1485.6347579765513,290325.9051475108,10042.77157367647,30.555359055499288
108,0.682231923350255,0.3938949443572462,0.1911164595190417,8,11,1000,1.7317299718298063,0.738781280758491,121566.13036422916,1118.9613990315622,435308.87433342636,19784.9651977053,86331.6200860149,1779.3565066578683,254288.58537845375,8494.751892637116,40.812983983283324
194,0.6976589161689497,0.41543859567085273,0.269382650786511,6,12,600,4.654743477534889,0.8758107004126244,121823.20811551774,543.2630498629422,467830.6415577126,14865.045743693801,104651.04665471212,1361.1531295076406,366770.60265541874,10969.232979248161,16.40897249452633
73,0.9325485960250005,0.1538886198855247,0.2549157205639187,10,17,900,3.1015477567673235,0.8816319072396894,121964.19091280893,1479.8304972533322,429324.86108877347,16283.244191961901,63865.57160109134,2272.4657175700313,177413.5091506285,8301.419094124294,90.97017039885822
182,0.8491866334253931,0.3157801100462603,0.2299339067245843,8,8,800,4.545162603328205,0.6718732435480967,122120.5774376366,1407.2795072258937,439134.9131981569,20312.246553621724,87292.1378474583,2365.716760441114,252701.3733235166,10485.551738998452,39.8987130445132
218,0.6355069576431074,0.4808328679774066,0.20048801367730995,14,16,500,0.4833822482335981,0.780148374503274,122228.26606130616,984.9553099707285,425577.13111954584,16046.156771727225,55558.6499782679,986.3187625232714,159361.5080900999,7104.930274684365,119.99862507299311
27,0.6036788206466518,0.05073577143301605,0.20905053073241675,7,14,500,2.428068767931133,0.7793696571944989,122306.99424650811,87.1295533529903,462739.6396874834,15357.667445679683,104300.83234934467,929.749545145187,360781.9680884673,11668.817621331149,17.263679964560307
69,0.6601667564414112,0.29706535767606757,0.12426725698930645,11,17,900,0.3175591479500067,0.6147287470543965,122355.60541529038,742.0978784681618,427017.3887033719,18460.174593743403,79408.69373791163,1609.837925196091,230957.7746720966,8397.658742660175,54.083387669270856
46,0.6181216039088178,0.1873063073132356,0.19775797471427092,6,5,900,0.8146721354071484,0.6282274989601719,122499.32188446926,1382.6200254164821,462990.1732703839,16869.07866746286,101625.91634070688,1860.622364285021,333395.3149699566,12825.880465521397,20.539451249603545
149,0.7316205461479484,0.46579474415949496,0.23056379635703583,7,15,1000,1.2987689188016311,0.889368045475434,122988.55058521715,992.8228207351204,444997.3049311414,19528.424642611848,93645.49499269918,1562.075634253282,290520.4079604242,7154.815091842242,31.334188147337592
57,0.8198115529294943,0.2207652506866885,0.2763112548274899,7,15,800,3.440150050875195,0.9347855496949495,123004.65036617439,748.2200897747895,443623.8846220553,20353.72701935384,93734.53580719617,1155.2168983562412,291012.77157087997,7991.744727924175,31.226606401704828
163,0.9774463680670396,0.20986365846306115,0.20155778429922566,11,19,300,2.2114938119045515,0.7247807961980521,123180.2537564191,609.4701668480359,440490.91790760943,18263.896967929802,92929.70361245477,1319.2611434700116,293491.76124072354,7127.542761955087,32.5520785798676
206,0.648754437334779,0.09057467476734016,0.21433535618949484,12,13,300,2.836561098144518,0.7026251134805455,123292.85351071293,629.4438034459877,431213.1950907842,19219.372634764994,82449.81723391292,1191.168093954289,242661.0195164742,6924.63156603765,49.53684270873146
5,0.6923575302488596,0.12051273301300586,0.21497905564763747,13,15,600,4.546602010393911,0.7035119926400067,123553.75589415304,1566.0822917571677,426749.4873280301,17561.117173401723,58645.422107559505,1448.956049247051,165370.61420553018,7455.974717166491,110.67928485116441
121,0.7744506116541267,0.14723287977095884,0.294535992088647,11,12,300,4.342339879489564,0.7949724792998054,123554.3073507052,1335.028001540432,430737.5394747124,16765.3249819474,79393.61977336311,1813.4999818332567,224782.61371172033,7760.037673212491,55.62246400076367
191,0.8556479751262,0.43395914726001106,0.14642195669015773,7,12,1000,0.6982562737815645,0.6119894359490712,123562.39720504836,725.6835186142375,455791.8794145479,19096.61684136442,101366.36674072022,1678.4851828654039,328919.3093045963,10908.509490183867,21.896839334394038
79,0.8407741582163841,0.1119245329531603,0.2565371910533347,7,10,900,0.15902340742582566,0.8194861236829635,123817.72361063019,1707.885891190132,447726.7194299607,17798.07270497764,91587.84240285035,2625.634402532043,275402.506587955,10726.324013327456,35.19013043894654
110,0.7449575596466532,0.2902941751390217,0.1996792863758591,7,17,300,4.805351587347276,0.6594650911012452,123878.81539281442,1113.6497558090464,490318.44497044943,13163.397972680043,111817.07503380046,1196.657872778322,422511.99409847654,9330.932743652844,10.787029043075847
126,0.8660146698185022,0.0876856393117248,0.28432358377748795,10,14,500,0.831416843780397,0.8952134465705481,123947.67861375395,1287.1513897198713,435217.669877534,19190.150835126846,74259.12715945684,2320.9783361507652,206661.85441441069,8393.060183696958,66.91238283423495
213,0.7770867867118109,0.22289545728861448,0.22735505541958542,12,14,600,3.016097051066861,0.7348908531021682,124464.8226409444,1293.478029688507,429169.972109281,16935.917070704814,62133.54477873677,1818.5636144419282,169798.5599898941,7866.693980600898,100.31823885821262
129,0.6648055511566339,0.4207648301550217,0.26392235479436715,7,9,500,2.371186543501848,0.7377534928176933,124602.35438621201,775.36666374254,459405.43230968714,16295.78287404164,102068.38126010855,1362.0028636026811,328291.1730937485,10765.55792065504,22.07732977431909
31,0.7123089449763423,0.01215798321572692,0.20364168877215036,6,12,800,2.349722569954715,0.7118241367187035,124634.7695643409,764.3651245761099,469561.87900159624,13502.31803856629,107371.38451759711,1499.4274921635592,368926.30224271026,13243.100214890133,16.07819916293851
171,0.7995552613805424,0.30907786715905955,0.2207394911632312,13,18,800,0.3620813607317075,0.813696882390578,124927.40854196755,1552.1838635433287,432233.4374195935,16506.31620384015,46328.96923797673,1710.103140077764,133717.29171950495,8990.610950293294,169.65289881641098
299,0.8906683968281293,0.15237554769306666,0.25881839945765406,8,15,800,0.5629019520596851,0.8814743909843183,124993.29147883451,1362.4777268563093,440119.20412110933,20132.275215303358,87268.25175629661,2013.859310806303,252872.95425610073,8246.322947964676,43.228824874237205
216,0.8160047658418043,0.4400395437807291,0.20526321071415826,11,12,900,2.2842932244018432,0.6761299451276271,125026.0116091125,1582.246508858422,431329.13220852445,17566.385837957157,62570.07138242407,2337.3732653583183,167093.58846233797,9428.14904349304,99.81759465314003
195,0.8706053543108986,0.10783757619885859,0.20766564106979715,10,16,900,2.8859261835587406,0.7394294668967882,125083.96643531346,978.0898866664678,432861.7621403546,20668.568103965732,73403.76201649262,1891.9617844007628,201929.5710485304,8412.735708777365,70.4053893139825
2,0.996884623716487,0.30874075481385826,0.19349594814648427,14,17,600,3.0592644736118975,0.6557975442608167,125546.40120748931,1260.1729741167505,430364.7386957736,18455.19846010618,57619.61771443433,1254.8906056634944,161692.07951384495,6901.386750766665,117.88829254248694
210,0.8685698678122458,0.4047649878842209,0.2399968405601218,6,18,900,0.8400710387243171,0.8947494979776729,125571.49491771423,1203.3713778466256,463211.30847902346,16265.272529808191,105227.16561069548,1543.5070086429198,352533.9899564401,9639.557915164554,19.333723557931613
103,0.8880146146184298,0.32057381644264865,0.21818453334013002,9,11,600,1.7284799675195972,0.6726390867205703,125706.72493632766,1136.6769879874032,441161.722857407,19465.817598902206,88803.61630218521,2052.158899253707,253839.80874500642,9814.513168921772,41.555862442095574
40,0.8162540486440426,0.3187149507491033,0.22782740011679847,7,10,1000,0.20533758383937895,0.7595283605779178,125772.57756474329,1645.9344191726454,449710.4803999064,19049.06066759447,94196.08018251945,2396.6588874317254,280305.7166062694,9250.426990308652,33.52209276759659
239,0.6408598118630152,0.32934607310372177,0.29284934242397853,7,16,900,1.3968385696735819,0.9721275539351295,126051.72815015951,873.0078961039834,440524.66765779647,20001.97893142381,93354.0090226183,2034.1858678509343,279529.98425439914,7563.339304660324,35.025511458880196
261,0.8413950666385819,0.3382339686131811,0.2514966999042309,8,17,1000,0.7449986807462172,0.8781662593312213,126704.98574667198,1831.5104814490155,437205.85465778847,17766.71337878816,85828.45908019766,2083.7495190212744,244307.66386536427,7910.379187545421,47.6258424123396
107,0.9355592345783736,0.06233134060163342,0.2862525647852117,11,19,900,1.8965284919277443,0.8976998607373154,126970.28421135568,882.1157341663062,435207.55233267107,18115.049386696242,53346.731368235,2145.7598588714395,146586.03759281483,8596.350719745824,138.00949178108297
229,0.8377163002247099,0.4682245869418303,0.27283155777941276,11,11,1000,3.0127658192143247,0.7459192876578118,127012.68670187083,1378.8623655160463,437475.0601018004,16285.92495477716,49658.79640197586,2258.1647780529893,133900.04089759898,9209.549781662738,155.77077155421586
208,0.8406447280585325,0.4095944297133951,0.27526193900452234,14,9,500,0.8738672141368858,0.7443090076442399,127182.88169406711,1922.6265592801683,442124.7993981245,14311.626251167489,38489.265077928874,1616.3592332165163,112704.19890163535,8813.454286271517,230.43728280225943
99,0.8496951983655968,0.058449020354182035,0.29194963708404253,12,19,500,0.6963603633169363,0.9176100757081184,127455.39633088978,1723.1315031171014,431300.523571931,16811.508617082658,60659.02555844097,2419.2303647996605,165694.38121565708,8393.332486862762,110.11777745769247
0,0.749816047538945,0.4753571532049581,0.22959818254342154,10,7,500,0.7799726016810132,0.6232334448672797,127667.47004679144,1443.2064019113152,437657.77241765545,17188.489525456964,80140.22691033543,2127.2461815532947,211592.19081135638,9454.957539386745,59.30510178069706
203,0.9289573675268232,0.21543104576901667,0.2790142869520367,10,15,300,3.273465407156741,0.7520298035748821,128129.97918497515,374.8802036710851,441295.22595742886,21042.711693993395,93817.09711747481,1670.5253480338129,275534.97507298546,8731.537378009736,36.5742312667539
295,0.906425910614121,0.39422367162664934,0.2094954710427986,7,19,300,4.371133620691758,0.6000753598226327,128154.87887676893,658.1987403396741,493106.75042281393,11571.354477429248,115985.80380932351,1067.5832580081826,425992.69669743953,9609.454381895117,10.491865959260792
162,0.6329524182463371,0.34024965103735655,0.20635336428434056,8,17,1000,0.7552894589045012,0.7729339204170408,128197.59087943954,744.6187939536293,438105.1164474113,18381.574001830006,93694.83990595053,1606.0285015221984,270866.14536800416,7851.653629479834,36.82460102191576
167,0.6469232755849578,0.06259289610127522,0.21566958616869142,9,9,1000,1.1277007122186773,0.664330187631276,128255.30875497928,2215.7941799303408,436721.6015884245,17283.353622640734,78400.62089922185,2870.9892424859695,206001.81921101245,9818.810695557004,63.58965947456197
275,0.7615911505306193,0.27127290169771145,0.2475099965360055,6,17,500,0.4086267287338913,0.7833202566114625,128513.45966591388,81.57661927293816,483551.83461878094,13789.677376037318,113422.2526516079,1168.2398678905836,398546.953278123,12949.416808782158,13.305331768238382
14,0.9771414282231924,0.299432733244268,0.21843547991191137,7,10,900,1.47816842918857,0.6421977039321082,128562.02129960764,1490.3802626707413,456551.0504584744,20238.946205052427,100138.8548886593,2729.230556642864,301828.12038666155,11939.914865720159,28.383754180683418
83,0.7009747777376083,0.3566747929422762,0.2785620513061598,7,6,600,1.9858191625204125,0.6419476666129923,129224.40642242286,1797.4044016122157,458587.7444014431,19609.62711417545,101084.15670866793,3277.6553487469723,300497.30336903856,13153.396534579439,27.83843742680392
285,0.7252647979269129,0.3992966361913756,0.30032676313101664,8,9,800,3.698651660427703,0.7278667329762178,129963.94153023092,1497.3541599801063,440608.4208032612,18662.672256824775,88198.90425062786,2531.022823965653,237203.90435809156,9941.829269321643,47.353238268043164
123,0.7610200174387922,0.10901155374704324,0.20351625033079884,9,13,500,1.3615366325968448,0.6073562706189867,130646.94451475867,517.3058486812824,446260.27699607395,18302.446526374097,100213.01713861676,1706.5725230572823,293818.905075805,9659.501215011276,30.36923569923562
170,0.9631274611938561,0.36214265406320595,0.23474849173038492,14,17,800,4.933312966335732,0.6569982171606052,131044.42124714429,1115.6512904501594,436161.31164078787,15624.475318900395,45194.51372818948,1757.8062000914538,128878.00193891763,9152.089732407178,189.95648019420344
189,0.6228347424357259,0.265584764000516,0.29098170768848847,6,3,1000,0.9000521873636175,0.6354222336892965,131316.1424629717,1406.8595264194944,467211.9669156416,18915.3641936596,101493.93688989054,2296.051911620299,293912.05509760644,11522.158573337325,29.383238533189314
90,0.8891584386487102,0.4104307365766763,0.22553718125096608,13,19,900,3.8474646659596843,0.6748174994230093,131399.84133476048,1211.1745066811654,433564.77925598744,17708.59088079129,52364.42856228914,2049.2744379434607,143450.43088328166,9212.479200837362,150.93340067381087
59,0.6325395122567599,0.04241885704259596,0.3059918735503526,6,17,300,2.9594436941064215,0.7400872986801255,131691.38974271656,310.14229235582565,499205.0014880329,14541.88889126525,119979.07258804962,663.2150230839973,432732.8729887968,9457.043570146354,9.761966734716655
23,0.8763750952409863,0.1933676731502687,0.2910189966210204,6,11,800,3.6760805962038607,0.6836286482950855,133198.976297396,1039.204293289463,466405.90812191454,16038.840922769496,111405.68462661642,2161.2044242228226,347409.61851559504,12720.580331640776,19.5621002140252
221,0.6510853934540939,0.4130338151262642,0.24460842630111576,7,14,800,1.515641779726643,0.7052450279643372,133931.03415163123,1054.2778463435486,455317.66237396136,17386.514623402745,106898.38343869643,1846.7680817784003,317789.53409353073,8476.292293111812,25.288175408599468
270,0.7072556080382053,0.07819090220172398,0.2659268870210951,9,18,500,2.809964237334034,0.7383681790006777,134410.21393355756,949.6507750898495,443559.208194572,19763.939679074938,99588.06222443037,1950.489561010011,281331.6037439217,8378.146515351817,34.96619065712159
241,0.9557563664515377,0.22530982836487895,0.27473783213682995,10,12,300,2.216365437218091,0.6191323281576422,135191.80183420453,2016.075702516036,448517.9606326811,16205.819418752328,99725.24914699256,1949.4198620864152,279005.6517475641,8348.706517261693,35.564265810893225
80,0.8137694014930092,0.17799574213599306,0.2782651788687777,6,14,500,3.4519741431468267,0.6157248559364396,135905.93444082676,884.5535381800815,485469.5822457667,12511.883981195333,120289.58354202048,954.4420661636811,399027.4318290647,12500.79422452528,12.982296919625668
10,0.9705203514053395,0.32553851275097223,0.28448790266313423,14,8,800,1.654490124263246,0.6254233401144095,135909.64808258277,2057.5811765188364,451909.78683120717,11540.32987429265,33187.845398388046,2875.9985912951847,101809.30096309814,10258.520990135361,309.51633482414616
56,0.6850911580096916,0.4730972714408451,0.24438881514136077,12,13,900,2.472101523512907,0.6230235040066577,137360.09086622376,1539.1173971189676,439608.4974552505,16965.674131272193,58677.676294018456,2167.671866011969,148616.1111858643,9111.464975356472,134.09258774657053
178,0.6913818965325195,0.49816695802837097,0.30243794864403495,8,10,600,3.401141212156457,0.6288793635916703,139929.27593723475,2355.3247390764664,450156.1919462201,18993.4903024412,103760.37495997334,3154.2419331692818,277353.51119492966,11729.870834073708,34.85810550628208
143,0.7035930606407255,0.2942771144866227,0.30469915452402446,13,11,1000,3.0670569460535386,0.6668135784368301,140050.12900308505,1250.728674948484,448520.6457136513,13959.968424557655,38829.532848487754,1901.863113734324,110374.70491168501,9349.108381502814,260.67940747461097
82,0.9945027983467261,0.26829532299366626,0.28721252773222994,12,14,500,3.7373546906687825,0.6146732811562391,141044.62183901956,1634.6284084635188,440796.98311659665,16073.50756822624,74356.15558666944,2728.7860369612144,182479.11836771105,9124.682795118797,89.68788895307817
146,0.9535143539853703,0.4638761415976065,0.3084723467939306,8,18,500,3.480103090268961,0.661558362535942,142547.03617544856,1281.3458955798521,458323.1981233533,17401.22255665676,112184.04343046341,1982.6533454802252,314969.39235494746,9885.21398797739,27.06533996860745
139,0.6741891638306889,0.19198194495986287,0.28977697282757586,12,14,800,0.26341917988614294,0.6354173642454473,151029.48416003422,1997.4652696791798,448252.89859012887,14672.871144944469,64284.07504718731,2962.855094114037,151840.67413609524,9995.51994795576,134.94074395434953
144,0.9964674504547906,0.1158358506917217,0.2928195322405377,11,19,900,0.6016938101749797,0.6187781428591251,152787.52759230227,1678.97618484552,449710.99842451647,17016.72453798741,77362.23843985474,3040.1637338529245,179066.8622028157,9732.37343325183,97.49626002754161
